state,place,DP1_0001C,DP4_0001C,DP1_0135C,DP3_0151C,DP3_0005C,DP4_0125C,DP4_0126C,DP2_0008C,DP2_0009C,DP3_0068C,DP1_0024C,DP1_0002C,DP1_0003C,DP1_0004C,DP1_0005C,DP2_0102C,DP1_0141C,DP1_0143C,DP2_0178C,DP2_0182C,DP2_0185C,DP2_0188C,DP2_0191C,DP2_0151C,DP4_0022C,DP4_0023C,DP4_0024C,DP4_0025C,DP4_0083C,DP4_0084C,DP4_0077C,DP1_0128C,DP3_0151P,DP3_0009P,DP4_0125P,DP4_0126P,DP2_0008P,DP2_0009P,DP3_0068P,DP1_0024P,DP1_0002P,DP1_0003P,DP1_0004P,DP1_0005P,DP2_0101P,NAME_x,DP1_0141P,DP1_0143P,DP2_0178P,DP2_0182P,DP2_0185P,DP2_0188P,DP2_0191P,DP2_0151P,DP4_0022P,DP4_0023P,DP4_0024P,DP4_0025P,DP4_0083P,DP4_0084P,DP4_0077P,DP1_0128P,NAME_y,E_TOTPOP,E_HU,SPL_E_HU,RPL_E_HU,E_HH,SPL_E_HH,RPL_E_HH,E_POV150,SPL_E_POV150,RPL_E_POV150,E_UNEMP,SPL_E_UNEMP,RPL_E_UNEMP,E_HBURD,SPL_E_HBURD,RPL_E_HBURD,E_NOHSDP,SPL_E_NOHSDP,RPL_E_NOHSDP,E_UNINSUR,SPL_E_UNINSUR,RPL_E_UNINSUR,E_AGE65,SPL_E_AGE65,RPL_E_AGE65,E_AGE17,SPL_E_AGE17,RPL_E_AGE17,E_DISABL,SPL_E_DISABL,RPL_E_DISABL,E_SNGPNT,SPL_E_SNGPNT,RPL_E_SNGPNT,E_LIMENG,SPL_E_LIMENG,RPL_E_LIMENG,E_MINRTY,SPL_E_MINRTY,RPL_E_MINRTY,E_MUNIT,SPL_E_MUNIT,RPL_E_MUNIT,E_MOBILE,SPL_E_MOBILE,RPL_E_MOBILE,E_CROWD,SPL_E_CROWD,RPL_E_CROWD,E_NOVEH,SPL_E_NOVEH,RPL_E_NOVEH,E_GROUPQ,SPL_E_GROUPQ,RPL_E_GROUPQ,EP_POV150,SPL_EP_POV150,RPL_EP_POV150,EP_UNEMP,SPL_EP_UNEMP,RPL_EP_UNEMP,EP_HBURD,SPL_EP_HBURD,RPL_EP_HBURD,EP_NOHSDP,SPL_EP_NOHSDP,RPL_EP_NOHSDP,EP_UNINSUR,SPL_EP_UNINSUR,RPL_EP_UNINSUR,EP_AGE65,SPL_EP_AGE65,RPL_EP_AGE65,EP_AGE17,SPL_EP_AGE17,RPL_EP_AGE17,EP_DISABL,SPL_EP_DISABL,RPL_EP_DISABL,EP_SNGPNT,SPL_EP_SNGPNT,RPL_EP_SNGPNT,EP_LIMENG,SPL_EP_LIMENG,RPL_EP_LIMENG,EP_MINRTY,SPL_EP_MINRTY,RPL_EP_MINRTY,EP_MUNIT,SPL_EP_MUNIT,RPL_EP_MUNIT,EP_MOBILE,SPL_EP_MOBILE,RPL_EP_MOBILE,EP_CROWD,SPL_EP_CROWD,RPL_EP_CROWD,EP_NOVEH,SPL_EP_NOVEH,RPL_EP_NOVEH,EP_GROUPQ,SPL_EP_GROUPQ,RPL_EP_GROUPQ,EPL_POV150,SPL_EPL_POV150,RPL_EPL_POV150,EPL_UNEMP,SPL_EPL_UNEMP,RPL_EPL_UNEMP,EPL_HBURD,SPL_EPL_HBURD,RPL_EPL_HBURD,EPL_NOHSDP,SPL_EPL_NOHSDP,RPL_EPL_NOHSDP,EPL_UNINSUR,SPL_EPL_UNINSUR,RPL_EPL_UNINSUR,SPL_THEME1,SPL_SPL_THEME1,RPL_SPL_THEME1,RPL_THEME1,SPL_RPL_THEME1,RPL_RPL_THEME1,EPL_AGE65,SPL_EPL_AGE65,RPL_EPL_AGE65,EPL_AGE17,SPL_EPL_AGE17,RPL_EPL_AGE17,EPL_DISABL,SPL_EPL_DISABL,RPL_EPL_DISABL,EPL_SNGPNT,SPL_EPL_SNGPNT,RPL_EPL_SNGPNT,EPL_LIMENG,SPL_EPL_LIMENG,RPL_EPL_LIMENG,SPL_THEME2,SPL_SPL_THEME2,RPL_SPL_THEME2,RPL_THEME2,SPL_RPL_THEME2,RPL_RPL_THEME2,EPL_MINRTY,SPL_EPL_MINRTY,RPL_EPL_MINRTY,SPL_THEME3,SPL_SPL_THEME3,RPL_SPL_THEME3,RPL_THEME3,SPL_RPL_THEME3,RPL_RPL_THEME3,EPL_MUNIT,SPL_EPL_MUNIT,RPL_EPL_MUNIT,EPL_MOBILE,SPL_EPL_MOBILE,RPL_EPL_MOBILE,EPL_CROWD,SPL_EPL_CROWD,RPL_EPL_CROWD,EPL_NOVEH,SPL_EPL_NOVEH,RPL_EPL_NOVEH,EPL_GROUPQ,SPL_EPL_GROUPQ,RPL_EPL_GROUPQ,SPL_THEME4,SPL_SPL_THEME4,RPL_SPL_THEME4,RPL_THEME4,SPL_RPL_THEME4,RPL_RPL_THEME4,SPL_THEMES,SPL_SPL_THEMES,RPL_SPL_THEMES,RPL_THEMES,SPL_RPL_THEMES,RPL_RPL_THEMES,F_POV150,SPL_F_POV150,RPL_F_POV150,F_UNEMP,SPL_F_UNEMP,RPL_F_UNEMP,F_HBURD,SPL_F_HBURD,RPL_F_HBURD,F_NOHSDP,SPL_F_NOHSDP,RPL_F_NOHSDP,F_UNINSUR,SPL_F_UNINSUR,RPL_F_UNINSUR,F_THEME1,SPL_F_THEME1,RPL_F_THEME1,F_AGE65,SPL_F_AGE65,RPL_F_AGE65,F_AGE17,SPL_F_AGE17,RPL_F_AGE17,F_DISABL,SPL_F_DISABL,RPL_F_DISABL,F_SNGPNT,SPL_F_SNGPNT,RPL_F_SNGPNT,F_LIMENG,SPL_F_LIMENG,RPL_F_LIMENG,F_THEME2,SPL_F_THEME2,RPL_F_THEME2,F_MINRTY,SPL_F_MINRTY,RPL_F_MINRTY,F_THEME3,SPL_F_THEME3,RPL_F_THEME3,F_MUNIT,SPL_F_MUNIT,RPL_F_MUNIT,F_MOBILE,SPL_F_MOBILE,RPL_F_MOBILE,F_CROWD,SPL_F_CROWD,RPL_F_CROWD,F_NOVEH,SPL_F_NOVEH,RPL_F_NOVEH,F_GROUPQ,SPL_F_GROUPQ,RPL_F_GROUPQ,F_THEME4,SPL_F_THEME4,RPL_F_THEME4,F_TOTAL,SPL_F_TOTAL,RPL_F_TOTAL
66,00100,3638,1214,1031,553.0,176.0,32.0,98.0,97.0,227.0,644.0,515,196,223,246,304,558.0,22,38,703.0,67.0,427.0,109.0,99.0,1426.0,1.0,1.0,0.0,2.0,104.0,56.0,13.0,6,15.3,10.2,4.6,14.0,4.1,9.5,18.0,14.2,5.4,6.1,6.8,8.4,100.0,,2.1,3.7,20.5,3.2,20.5,5.2,4.7,100.0,0.1,0.1,0.0,0.2,10.1,5.4,1.3,0.2,,3638,1214,1214,0.7544,1031,1031,0.7544,553.0,553.0,0.5784,176.0,176.0,0.8235,130.0,130.0,0.8431,324.0,324.0,0.7843,644.0,644.0,0.7647,515,515,0.8947,969.0,969.0,0.614,558.0,558.0,0.8824,60.0,60.0,0.4649,1405.0,1405.0,0.7647,1426.0,1426.0,0.7843,2.0,2.0,0.3529,2.0,2.0,0.4412,160.0,160.0,0.5882,13.0,13.0,0.3235,6,6,0.4825,15.3,15.3,0.2041,10.2,10.2,0.5102,18.6,18.6,0.3617,13.6,13.6,0.4694,18.0,18.0,0.5714,14.2,14.2,0.8571,26.700000000000003,26.700000000000003,0.2143,100.0,100.0,0.5102,5.800000000000001,5.800000000000001,0.0909,54.10000000000001,54.10000000000001,0.5714,100.0,100.0,0.5102,0.2,0.2,0.2245,0.2,0.2,0.2755,15.5,15.5,0.3265,1.3,1.3,0.0714,0.2,0.2,0.4375,0.2041,0.2041,0.2041,0.5102,0.5102,0.5102,0.3617,0.3617,0.3617,0.4694,0.4694,0.4694,0.5714,0.5714,0.5714,2.1168,2.1168,0.3404,0.3404,0.3404,0.3404,0.8571,0.8571,0.8571,0.2143,0.2143,0.2143,0.5102,0.5102,0.5102,0.0909,0.0909,0.0909,0.5714,0.5714,0.5714,2.2439,2.2439,0.2245,0.2245,0.2245,0.2245,0.5102,0.5102,0.5102,0.5102,0.5102,0.5102,0.5102,0.5102,0.5102,0.2245,0.2245,0.2245,0.2755,0.2755,0.2755,0.3265,0.3265,0.3265,0.0714,0.0714,0.0714,0.4375,0.4375,0.4375,1.3354,1.3354,0.0816,0.0816,0.0816,0.0816,1.1566999999999998,1.1566999999999998,0.1277,0.1277,0.1277,0.1277,1.0,1.0,0.5789,1.0,1.0,0.5789,1.0,1.0,0.5965,1.0,1.0,0.5789,1.0,1.0,0.5789,5.0,5.0,0.5965,1.0,1.0,0.5351,1.0,1.0,0.5175,1.0,1.0,0.5789,1.0,1.0,0.5263,1.0,1.0,0.5789,5.0,5.0,0.5877,1.0,1.0,0.5789,1.0,1.0,0.5789,0.0,0.0,0.2368,0.0,0.0,0.3684,1.0,1.0,0.5789,1.0,1.0,0.5877,0.0,0.0,0.3684,2.0,2.0,0.2456,13.0,13.0,0.2544
66,00850,771,275,248,180.0,55.0,4.0,25.0,11.0,57.0,119.0,83,54,57,63,62,124.0,18,17,49.0,15.0,18.0,5.0,11.0,130.0,6.0,5.0,59.0,1.0,17.0,21.0,6.0,0,23.4,16.4,2.9,17.9,2.3,11.8,16.0,10.8,7.0,7.4,8.2,8.0,100.0,,7.3,6.9,6.8,5.5,6.5,1.8,4.0,100.0,2.2,1.8,21.5,0.4,6.9,8.5,2.4,0.0,,771,275,275,0.1754,248,248,0.2018,180.0,180.0,0.2255,55.0,55.0,0.3333,29.0,29.0,0.2647,68.0,68.0,0.1765,119.0,119.0,0.2353,83,83,0.1842,236.0,236.0,0.193,124.0,124.0,0.2745,35.0,35.0,0.2895,98.0,98.0,0.1765,130.0,130.0,0.2353,70.0,70.0,0.6667,1.0,1.0,0.2843,38.0,38.0,0.1961,6.0,6.0,0.1667,0,0,0.1404,23.4,23.4,0.6735,16.4,16.4,1.0,20.799999999999997,20.799999999999997,0.6596,14.100000000000001,14.100000000000001,0.5102,16.0,16.0,0.4082,10.8,10.8,0.5536,30.6,30.6,0.5446,100.0,100.0,0.5102,14.2,14.2,0.7455,24.6,24.6,0.2041,100.0,100.0,0.5102,25.5,25.5,0.898,0.4,0.4,0.4184,15.4,15.4,0.3061,2.4,2.4,0.2245,0.0,0.0,0.1339,0.6735,0.6735,0.6735,1.0,1.0,1.0,0.6596,0.6596,0.6596,0.5102,0.5102,0.5102,0.4082,0.4082,0.4082,3.2515,3.2515,0.7872,0.7872,0.7872,0.7872,0.5536,0.5536,0.5536,0.5446,0.5446,0.5446,0.5102,0.5102,0.5102,0.7455,0.7455,0.7455,0.2041,0.2041,0.2041,2.558,2.558,0.4286,0.4286,0.4286,0.4286,0.5102,0.5102,0.5102,0.5102,0.5102,0.5102,0.5102,0.5102,0.5102,0.898,0.898,0.898,0.4184,0.4184,0.4184,0.3061,0.3061,0.3061,0.2245,0.2245,0.2245,0.1339,0.1339,0.1339,1.9808999999999999,1.9808999999999999,0.2449,0.2449,0.2449,0.2449,1.9708999999999999,1.9708999999999999,0.5106,0.5106,0.5106,0.5106,1.0,1.0,0.5789,1.0,1.0,0.5789,1.0,1.0,0.5965,1.0,1.0,0.5789,1.0,1.0,0.5789,5.0,5.0,0.5965,1.0,1.0,0.5351,1.0,1.0,0.5175,1.0,1.0,0.5789,1.0,1.0,0.5263,1.0,1.0,0.5789,5.0,5.0,0.5877,1.0,1.0,0.5789,1.0,1.0,0.5789,1.0,1.0,0.7368,0.0,0.0,0.3684,1.0,1.0,0.5789,1.0,1.0,0.5877,0.0,0.0,0.3684,3.0,3.0,0.5175,14.0,14.0,0.5351
66,04000,3616,1210,1078,553.0,165.0,22.0,72.0,69.0,223.0,467.0,465,233,242,302,282,551.0,39,82,329.0,93.0,72.0,131.0,27.0,593.0,65.0,43.0,83.0,1.0,101.0,84.0,55.0,34,15.5,10.1,3.7,12.0,3.0,9.7,13.3,12.9,6.4,6.7,8.4,7.8,100.0,,3.6,7.6,9.8,6.1,4.8,8.6,1.8,100.0,5.4,3.6,6.9,0.1,9.4,7.8,5.1,0.9,,3616,1210,1210,0.7368,1078,1078,0.8246,553.0,553.0,0.5784,165.0,165.0,0.7647,94.0,94.0,0.6667,292.0,292.0,0.7059,467.0,467.0,0.6275,465,465,0.8246,1059.0,1059.0,0.7368,551.0,551.0,0.8627,121.0,121.0,0.7544,652.0,652.0,0.4902,593.0,593.0,0.4902,191.0,191.0,0.8235,1.0,1.0,0.2843,185.0,185.0,0.7549,55.0,55.0,0.8627,34,34,0.807,15.5,15.5,0.2245,10.1,10.1,0.4796,15.7,15.7,0.1489,12.7,12.7,0.3163,13.3,13.3,0.1633,12.9,12.9,0.75,29.3,29.3,0.3661,100.0,100.0,0.5102,11.2,11.2,0.4818,31.099999999999998,31.099999999999998,0.3061,100.0,100.0,0.5102,15.9,15.9,0.7755,0.1,0.1,0.1939,17.2,17.2,0.3673,5.1,5.1,0.551,0.9,0.9,0.7321,0.2245,0.2245,0.2245,0.4796,0.4796,0.4796,0.1489,0.1489,0.1489,0.3163,0.3163,0.3163,0.1633,0.1633,0.1633,1.3326000000000002,1.3326000000000002,0.0851,0.0851,0.0851,0.0851,0.75,0.75,0.75,0.3661,0.3661,0.3661,0.5102,0.5102,0.5102,0.4818,0.4818,0.4818,0.3061,0.3061,0.3061,2.4141999999999997,2.4141999999999997,0.3061,0.3061,0.3061,0.3061,0.5102,0.5102,0.5102,0.5102,0.5102,0.5102,0.5102,0.5102,0.5102,0.7755,0.7755,0.7755,0.1939,0.1939,0.1939,0.3673,0.3673,0.3673,0.551,0.551,0.551,0.7321,0.7321,0.7321,2.6198,2.6198,0.5918,0.5918,0.5918,0.5918,1.4931999999999999,1.4931999999999999,0.2766,0.2766,0.2766,0.2766,1.0,1.0,0.5789,1.0,1.0,0.5789,1.0,1.0,0.5965,1.0,1.0,0.5789,1.0,1.0,0.5789,5.0,5.0,0.5965,1.0,1.0,0.5351,1.0,1.0,0.5175,1.0,1.0,0.5789,1.0,1.0,0.5263,1.0,1.0,0.5789,5.0,5.0,0.5877,1.0,1.0,0.5789,1.0,1.0,0.5789,1.0,1.0,0.7368,0.0,0.0,0.3684,1.0,1.0,0.5789,1.0,1.0,0.5877,1.0,1.0,0.8684,4.0,4.0,0.8333,15.0,15.0,0.8509
66,06600,3292,1149,947,749.0,195.0,18.0,57.0,78.0,263.0,456.0,474,262,253,261,254,606.0,48,68,373.0,87.0,144.0,112.0,26.0,734.0,40.0,4.0,60.0,6.0,105.0,75.0,65.0,14,23.0,14.3,3.5,11.1,3.8,12.9,14.1,14.4,8.0,7.7,7.9,7.7,100.0,,5.1,7.2,12.4,5.8,9.7,7.5,1.7,100.0,3.5,0.3,5.2,0.5,11.1,7.9,6.9,0.4,,3292,1149,1149,0.7018,947,947,0.6667,749.0,749.0,0.7843,195.0,195.0,0.9314,75.0,75.0,0.5196,341.0,341.0,0.8235,456.0,456.0,0.6078,474,474,0.8596,1030.0,1030.0,0.7018,606.0,606.0,0.902,116.0,116.0,0.7193,742.0,742.0,0.5686,734.0,734.0,0.5882,104.0,104.0,0.7451,6.0,6.0,0.7255,180.0,180.0,0.7157,65.0,65.0,0.9216,14,14,0.6316,23.0,23.0,0.6327,14.3,14.3,0.9388,14.6,14.6,0.0745,16.7,16.7,0.7143,14.1,14.1,0.3163,14.4,14.4,0.875,31.3,31.3,0.6339,100.0,100.0,0.5102,12.3,12.3,0.6,37.1,37.1,0.3776,100.0,100.0,0.5102,9.0,9.0,0.6735,0.5,0.5,0.5306,19.0,19.0,0.4592,6.9,6.9,0.8163,0.4,0.4,0.5804,0.6327,0.6327,0.6327,0.9388,0.9388,0.9388,0.0745,0.0745,0.0745,0.7143,0.7143,0.7143,0.3163,0.3163,0.3163,2.6766,2.6766,0.5106,0.5106,0.5106,0.5106,0.875,0.875,0.875,0.6339,0.6339,0.6339,0.5102,0.5102,0.5102,0.6,0.6,0.6,0.3776,0.3776,0.3776,2.9967,2.9967,0.8367,0.8367,0.8367,0.8367,0.5102,0.5102,0.5102,0.5102,0.5102,0.5102,0.5102,0.5102,0.5102,0.6735,0.6735,0.6735,0.5306,0.5306,0.5306,0.4592,0.4592,0.4592,0.8163,0.8163,0.8163,0.5804,0.5804,0.5804,3.06,3.06,0.7347,0.7347,0.7347,0.7347,2.5922,2.5922,0.7234,0.7234,0.7234,0.7234,1.0,1.0,0.5789,1.0,1.0,0.5789,1.0,1.0,0.5965,1.0,1.0,0.5789,1.0,1.0,0.5789,5.0,5.0,0.5965,1.0,1.0,0.5351,1.0,1.0,0.5175,1.0,1.0,0.5789,1.0,1.0,0.5263,1.0,1.0,0.5789,5.0,5.0,0.5877,1.0,1.0,0.5789,1.0,1.0,0.5789,1.0,1.0,0.7368,0.0,0.0,0.3684,1.0,1.0,0.5789,1.0,1.0,0.5877,0.0,0.0,0.3684,3.0,3.0,0.5175,14.0,14.0,0.5351
66,07600,2385,678,592,503.0,118.0,16.0,54.0,66.0,172.0,442.0,217,203,234,205,181,286.0,37,54,399.0,36.0,196.0,157.0,5.0,926.0,1.0,0.0,0.0,8.0,77.0,75.0,20.0,5,21.4,12.2,4.3,14.7,4.9,12.7,19.0,9.1,8.5,9.8,8.6,7.6,100.0,,6.3,9.1,18.4,2.7,14.6,11.7,0.4,100.0,0.1,0.0,0.0,1.2,13.1,12.7,3.4,0.2,,2385,678,678,0.4386,592,592,0.4386,503.0,503.0,0.5098,118.0,118.0,0.5588,70.0,70.0,0.4804,238.0,238.0,0.549,442.0,442.0,0.5686,217,217,0.4561,823.0,823.0,0.5088,286.0,286.0,0.5294,91.0,91.0,0.5877,793.0,793.0,0.6078,926.0,926.0,0.6667,1.0,1.0,0.2255,8.0,8.0,0.7745,152.0,152.0,0.5294,20.0,20.0,0.4118,5,5,0.4211,21.4,21.4,0.5612,12.2,12.2,0.7755,19.0,19.0,0.4255,17.6,17.6,0.8163,19.0,19.0,0.6735,9.1,9.1,0.2679,34.5,34.5,0.8214,100.0,100.0,0.5102,15.399999999999999,15.399999999999999,0.8,47.79999999999999,47.79999999999999,0.4898,100.0,100.0,0.5102,0.1,0.1,0.1429,1.2,1.2,0.7347,25.799999999999997,25.799999999999997,0.8061,3.4,3.4,0.4184,0.2,0.2,0.4375,0.5612,0.5612,0.5612,0.7755,0.7755,0.7755,0.4255,0.4255,0.4255,0.8163,0.8163,0.8163,0.6735,0.6735,0.6735,3.252,3.252,0.8085,0.8085,0.8085,0.8085,0.2679,0.2679,0.2679,0.8214,0.8214,0.8214,0.5102,0.5102,0.5102,0.8,0.8,0.8,0.4898,0.4898,0.4898,2.8893000000000004,2.8893000000000004,0.7143,0.7143,0.7143,0.7143,0.5102,0.5102,0.5102,0.5102,0.5102,0.5102,0.5102,0.5102,0.5102,0.1429,0.1429,0.1429,0.7347,0.7347,0.7347,0.8061,0.8061,0.8061,0.4184,0.4184,0.4184,0.4375,0.4375,0.4375,2.5396,2.5396,0.4796,0.4796,0.4796,0.4796,2.5126000000000004,2.5126000000000004,0.7021,0.7021,0.7021,0.7021,1.0,1.0,0.5789,1.0,1.0,0.5789,1.0,1.0,0.5965,1.0,1.0,0.5789,1.0,1.0,0.5789,5.0,5.0,0.5965,1.0,1.0,0.5351,1.0,1.0,0.5175,1.0,1.0,0.5789,1.0,1.0,0.5263,1.0,1.0,0.5789,5.0,5.0,0.5877,1.0,1.0,0.5789,1.0,1.0,0.5789,0.0,0.0,0.2368,1.0,1.0,0.8684,1.0,1.0,0.5789,1.0,1.0,0.5877,0.0,0.0,0.3684,3.0,3.0,0.5175,14.0,14.0,0.5351
66,07900,1973,670,435,39.0,5.0,0.0,0.0,5.0,9.0,52.0,22,176,155,117,146,23.0,6,12,43.0,0.0,34.0,4.0,4.0,93.0,4.0,0.0,1.0,1.0,10.0,5.0,7.0,580,21.4,6.6,,,4.5,8.0,29.4,1.1,8.9,7.9,5.9,7.4,100.0,,1.4,2.8,26.2,0.0,33.3,3.9,3.9,100.0,7.7,0.0,1.9,1.9,19.2,9.6,13.5,29.4,,1973,670,670,0.4211,435,435,0.3684,39.0,39.0,0.098,5.0,5.0,0.098,0.0,0.0,0.049,14.0,14.0,0.0882,52.0,52.0,0.098,22,22,0.0877,594.0,594.0,0.4386,23.0,23.0,0.098,18.0,18.0,0.0965,85.0,85.0,0.1373,93.0,93.0,0.1569,5.0,5.0,0.4314,1.0,1.0,0.2843,15.0,15.0,0.098,7.0,7.0,0.2059,580,580,0.9649,21.4,21.4,0.5612,6.6,6.6,0.051,,,,12.5,12.5,0.2857,29.4,29.4,1.0,1.1,1.1,0.0536,30.1,30.1,0.4821,100.0,100.0,0.5102,4.199999999999999,4.199999999999999,0.0545,67.3,67.3,0.8571,100.0,100.0,0.5102,9.6,9.6,0.7143,1.9,1.9,0.8673,28.799999999999997,28.799999999999997,0.8571,13.5,13.5,0.9796,29.4,29.4,0.9643,0.5612,0.5612,0.5612,0.051,0.051,0.051,,,,0.2857,0.2857,0.2857,1.0,1.0,1.0,,,,,,,0.0536,0.0536,0.0536,0.4821,0.4821,0.4821,0.5102,0.5102,0.5102,0.0545,0.0545,0.0545,0.8571,0.8571,0.8571,1.9575,1.9575,0.102,0.102,0.102,0.102,0.5102,0.5102,0.5102,0.5102,0.5102,0.5102,0.5102,0.5102,0.5102,0.7143,0.7143,0.7143,0.8673,0.8673,0.8673,0.8571,0.8571,0.8571,0.9796,0.9796,0.9796,0.9643,0.9643,0.9643,4.3826,4.3826,1.0,1.0,1.0,1.0,,,,,,,1.0,1.0,0.5789,1.0,1.0,0.5789,0.0,0.0,0.0965,1.0,1.0,0.5789,1.0,1.0,0.5789,4.0,4.0,0.1667,1.0,1.0,0.5351,1.0,1.0,0.5175,1.0,1.0,0.5789,1.0,1.0,0.5263,1.0,1.0,0.5789,5.0,5.0,0.5877,1.0,1.0,0.5789,1.0,1.0,0.5789,1.0,1.0,0.7368,1.0,1.0,0.8684,1.0,1.0,0.5789,1.0,1.0,0.5877,1.0,1.0,0.8684,5.0,5.0,0.9912,15.0,15.0,0.8509
66,09500,5224,2443,2023,,,,,,,,653,264,319,350,274,,36,172,,,,,,,,,,,,,,19,,,,,,,,12.5,5.1,6.1,6.7,5.2,,,1.8,8.5,,,,,,,,,,,,,,0.4,,5224,2443,2443,1.0,2023,2023,1.0,,,,,,,,,,,,,,,,653,653,0.9474,1207.0,1207.0,0.8421,,,,208.0,208.0,0.9825,,,,,,,,,,,,,,,,,,,19,19,0.6842,,,,,,,,,,,,,,,,12.5,12.5,0.7143,23.099999999999998,23.099999999999998,0.0893,,,,10.3,10.3,0.3636,,,,,,,,,,,,,,,,,,,0.4,0.4,0.5804,,,,,,,,,,,,,,,,,,,,,,0.7143,0.7143,0.7143,0.0893,0.0893,0.0893,,,,0.3636,0.3636,0.3636,,,,,,,,,,,,,,,,,,,,,,,,,,,,,,,0.5804,0.5804,0.5804,,,,,,,,,,,,,0.0,0.0,0.0789,0.0,0.0,0.0789,0.0,0.0,0.0965,0.0,0.0,0.0789,0.0,0.0,0.0789,0.0,0.0,0.0789,1.0,1.0,0.5351,1.0,1.0,0.5175,0.0,0.0,0.0789,1.0,1.0,0.5263,0.0,0.0,0.0789,3.0,3.0,0.0965,0.0,0.0,0.0789,0.0,0.0,0.0789,0.0,0.0,0.2368,0.0,0.0,0.3684,0.0,0.0,0.0789,0.0,0.0,0.0877,0.0,0.0,0.3684,0.0,0.0,0.0439,3.0,3.0,0.0702
66,09850,2930,809,627,34.0,4.0,0.0,0.0,5.0,3.0,11.0,12,275,314,228,158,9.0,10,29,14.0,0.0,4.0,5.0,1.0,21.0,0.0,1.0,1.0,0.0,7.0,0.0,3.0,830,33.3,14.3,,,8.9,5.4,12.8,0.4,9.4,10.7,7.8,5.4,100.0,,1.6,4.6,15.9,0.0,12.1,15.2,3.0,100.0,0.0,3.0,3.0,0.0,21.2,0.0,9.1,28.3,,2930,809,809,0.5088,627,627,0.5088,34.0,34.0,0.0784,4.0,4.0,0.0784,0.0,0.0,0.049,8.0,8.0,0.0588,11.0,11.0,0.0588,12,12,0.0526,975.0,975.0,0.6316,9.0,9.0,0.0588,39.0,39.0,0.3509,24.0,24.0,0.0588,21.0,21.0,0.0588,2.0,2.0,0.3529,0.0,0.0,0.0882,7.0,7.0,0.0784,3.0,3.0,0.1176,830,830,1.0,33.3,33.3,1.0,14.3,14.3,0.9388,,,,14.3,14.3,0.5408,12.8,12.8,0.102,0.4,0.4,0.0357,33.300000000000004,33.300000000000004,0.75,100.0,100.0,0.5102,6.199999999999999,6.199999999999999,0.1091,46.2,46.2,0.4694,100.0,100.0,0.5102,6.0,6.0,0.6327,0.0,0.0,0.0714,21.2,21.2,0.5918,9.1,9.1,0.9286,28.3,28.3,0.9464,1.0,1.0,1.0,0.9388,0.9388,0.9388,,,,0.5408,0.5408,0.5408,0.102,0.102,0.102,,,,,,,0.0357,0.0357,0.0357,0.75,0.75,0.75,0.5102,0.5102,0.5102,0.1091,0.1091,0.1091,0.4694,0.4694,0.4694,1.8744,1.8744,0.0612,0.0612,0.0612,0.0612,0.5102,0.5102,0.5102,0.5102,0.5102,0.5102,0.5102,0.5102,0.5102,0.6327,0.6327,0.6327,0.0714,0.0714,0.0714,0.5918,0.5918,0.5918,0.9286,0.9286,0.9286,0.9464,0.9464,0.9464,3.1709,3.1709,0.8367,0.8367,0.8367,0.8367,,,,,,,1.0,1.0,0.5789,1.0,1.0,0.5789,0.0,0.0,0.0965,1.0,1.0,0.5789,1.0,1.0,0.5789,4.0,4.0,0.1667,0.0,0.0,0.0351,1.0,1.0,0.5175,1.0,1.0,0.5789,1.0,1.0,0.5263,1.0,1.0,0.5789,4.0,4.0,0.1579,1.0,1.0,0.5789,1.0,1.0,0.5789,1.0,1.0,0.7368,0.0,0.0,0.3684,1.0,1.0,0.5789,1.0,1.0,0.5877,1.0,1.0,0.8684,4.0,4.0,0.8333,13.0,13.0,0.2544
66,12450,860,270,242,180.0,38.0,4.0,17.0,9.0,62.0,109.0,92,70,76,78,61,93.0,10,22,78.0,22.0,8.0,43.0,5.0,148.0,1.0,0.0,0.0,2.0,28.0,13.0,3.0,7,21.5,9.9,2.8,11.9,1.8,12.5,13.2,10.7,8.1,8.8,9.1,7.1,100.0,,4.1,9.1,10.1,6.2,2.3,12.2,1.4,100.0,0.4,0.0,0.0,0.8,11.8,5.5,1.3,0.8,,860,270,270,0.1579,242,242,0.1754,180.0,180.0,0.2255,38.0,38.0,0.2157,21.0,21.0,0.1961,71.0,71.0,0.1961,109.0,109.0,0.1961,92,92,0.2281,285.0,285.0,0.2456,93.0,93.0,0.1765,32.0,32.0,0.2368,156.0,156.0,0.2745,148.0,148.0,0.2745,1.0,1.0,0.2255,2.0,2.0,0.4412,41.0,41.0,0.2157,3.0,3.0,0.1176,7,7,0.5439,21.5,21.5,0.5918,9.9,9.9,0.4184,14.7,14.7,0.1064,14.3,14.3,0.5408,13.2,13.2,0.1327,10.7,10.7,0.5179,33.1,33.1,0.7321,100.0,100.0,0.5102,13.2,13.2,0.6727,32.2,32.2,0.3265,100.0,100.0,0.5102,0.4,0.4,0.3265,0.8,0.8,0.6633,17.3,17.3,0.3878,1.3,1.3,0.0714,0.8,0.8,0.7143,0.5918,0.5918,0.5918,0.4184,0.4184,0.4184,0.1064,0.1064,0.1064,0.5408,0.5408,0.5408,0.1327,0.1327,0.1327,1.7901,1.7901,0.2766,0.2766,0.2766,0.2766,0.5179,0.5179,0.5179,0.7321,0.7321,0.7321,0.5102,0.5102,0.5102,0.6727,0.6727,0.6727,0.3265,0.3265,0.3265,2.7594000000000003,2.7594000000000003,0.551,0.551,0.551,0.551,0.5102,0.5102,0.5102,0.5102,0.5102,0.5102,0.5102,0.5102,0.5102,0.3265,0.3265,0.3265,0.6633,0.6633,0.6633,0.3878,0.3878,0.3878,0.0714,0.0714,0.0714,0.7143,0.7143,0.7143,2.1633,2.1633,0.3061,0.3061,0.3061,0.3061,1.6439000000000001,1.6439000000000001,0.3191,0.3191,0.3191,0.3191,1.0,1.0,0.5789,1.0,1.0,0.5789,1.0,1.0,0.5965,1.0,1.0,0.5789,1.0,1.0,0.5789,5.0,5.0,0.5965,1.0,1.0,0.5351,1.0,1.0,0.5175,1.0,1.0,0.5789,1.0,1.0,0.5263,1.0,1.0,0.5789,5.0,5.0,0.5877,1.0,1.0,0.5789,1.0,1.0,0.5789,0.0,0.0,0.2368,0.0,0.0,0.3684,1.0,1.0,0.5789,1.0,1.0,0.5877,0.0,0.0,0.3684,2.0,2.0,0.2456,13.0,13.0,0.2544
66,15800,3921,1056,929,972.0,251.0,34.0,93.0,122.0,380.0,741.0,346,302,322,380,341,514.0,30,116,729.0,99.0,497.0,109.0,22.0,1345.0,1.0,1.0,0.0,8.0,157.0,147.0,63.0,6,24.9,14.4,5.1,14.1,5.4,16.7,19.1,8.8,7.7,8.2,9.7,8.7,100.0,,3.2,12.5,20.2,4.7,23.7,5.2,1.0,100.0,0.1,0.1,0.0,0.8,16.9,15.9,6.8,0.2,,3921,1056,1056,0.6491,929,929,0.6491,972.0,972.0,0.9412,251.0,251.0,0.9608,127.0,127.0,0.8039,502.0,502.0,0.9608,741.0,741.0,0.8039,346,346,0.614,1345.0,1345.0,0.9298,514.0,514.0,0.8039,146.0,146.0,0.8246,1456.0,1456.0,0.8039,1345.0,1345.0,0.7647,2.0,2.0,0.3529,8.0,8.0,0.7745,304.0,304.0,0.9608,63.0,63.0,0.902,6,6,0.4825,24.9,24.9,0.7143,14.4,14.4,0.9796,19.2,19.2,0.4681,22.1,22.1,0.9184,19.1,19.1,0.6939,8.8,8.8,0.2411,34.3,34.3,0.8036,100.0,100.0,0.5102,15.7,15.7,0.8182,54.8,54.8,0.6122,100.0,100.0,0.5102,0.2,0.2,0.2245,0.8,0.8,0.6633,32.8,32.8,0.949,6.8,6.8,0.7959,0.2,0.2,0.4375,0.7143,0.7143,0.7143,0.9796,0.9796,0.9796,0.4681,0.4681,0.4681,0.9184,0.9184,0.9184,0.6939,0.6939,0.6939,3.7743,3.7743,0.9362,0.9362,0.9362,0.9362,0.2411,0.2411,0.2411,0.8036,0.8036,0.8036,0.5102,0.5102,0.5102,0.8182,0.8182,0.8182,0.6122,0.6122,0.6122,2.9853,2.9853,0.8163,0.8163,0.8163,0.8163,0.5102,0.5102,0.5102,0.5102,0.5102,0.5102,0.5102,0.5102,0.5102,0.2245,0.2245,0.2245,0.6633,0.6633,0.6633,0.949,0.949,0.949,0.7959,0.7959,0.7959,0.4375,0.4375,0.4375,3.0702,3.0702,0.7551,0.7551,0.7551,0.7551,3.0178,3.0178,0.8723,0.8723,0.8723,0.8723,1.0,1.0,0.5789,1.0,1.0,0.5789,1.0,1.0,0.5965,1.0,1.0,0.5789,1.0,1.0,0.5789,5.0,5.0,0.5965,1.0,1.0,0.5351,1.0,1.0,0.5175,1.0,1.0,0.5789,1.0,1.0,0.5263,1.0,1.0,0.5789,5.0,5.0,0.5877,1.0,1.0,0.5789,1.0,1.0,0.5789,0.0,0.0,0.2368,0.0,0.0,0.3684,1.0,1.0,0.5789,1.0,1.0,0.5877,0.0,0.0,0.3684,2.0,2.0,0.2456,13.0,13.0,0.2544
66,17000,3559,1144,922,631.0,107.0,36.0,93.0,61.0,181.0,596.0,410,279,268,309,305,482.0,37,70,396.0,116.0,110.0,119.0,46.0,668.0,5.0,4.0,1.0,4.0,96.0,65.0,29.0,3,17.8,7.2,5.4,14.1,2.9,8.5,17.0,11.5,7.8,7.5,8.7,8.6,100.0,,4.0,7.6,12.1,7.4,7.1,7.6,2.9,100.0,0.4,0.4,0.1,0.4,10.4,7.1,3.2,0.1,,3559,1144,1144,0.6842,922,922,0.6316,631.0,631.0,0.6471,107.0,107.0,0.4902,129.0,129.0,0.8235,242.0,242.0,0.5686,596.0,596.0,0.7255,410,410,0.7719,1161.0,1161.0,0.7895,482.0,482.0,0.7255,107.0,107.0,0.6579,787.0,787.0,0.5882,668.0,668.0,0.5294,10.0,10.0,0.4902,4.0,4.0,0.598,161.0,161.0,0.6078,29.0,29.0,0.5882,3,3,0.3509,17.8,17.8,0.3878,7.2,7.2,0.1224,19.5,19.5,0.5,11.4,11.4,0.1837,17.0,17.0,0.5102,11.5,11.5,0.625,32.6,32.6,0.7143,100.0,100.0,0.5102,11.6,11.6,0.5455,37.1,37.1,0.3776,100.0,100.0,0.5102,0.9,0.9,0.3878,0.4,0.4,0.4184,17.5,17.5,0.4082,3.2,3.2,0.3673,0.1,0.1,0.3125,0.3878,0.3878,0.3878,0.1224,0.1224,0.1224,0.5,0.5,0.5,0.1837,0.1837,0.1837,0.5102,0.5102,0.5102,1.7041,1.7041,0.2128,0.2128,0.2128,0.2128,0.625,0.625,0.625,0.7143,0.7143,0.7143,0.5102,0.5102,0.5102,0.5455,0.5455,0.5455,0.3776,0.3776,0.3776,2.7726,2.7726,0.5714,0.5714,0.5714,0.5714,0.5102,0.5102,0.5102,0.5102,0.5102,0.5102,0.5102,0.5102,0.5102,0.3878,0.3878,0.3878,0.4184,0.4184,0.4184,0.4082,0.4082,0.4082,0.3673,0.3673,0.3673,0.3125,0.3125,0.3125,1.8941999999999999,1.8941999999999999,0.2041,0.2041,0.2041,0.2041,1.4985,1.4985,0.2979,0.2979,0.2979,0.2979,1.0,1.0,0.5789,1.0,1.0,0.5789,1.0,1.0,0.5965,1.0,1.0,0.5789,1.0,1.0,0.5789,5.0,5.0,0.5965,1.0,1.0,0.5351,1.0,1.0,0.5175,1.0,1.0,0.5789,1.0,1.0,0.5263,1.0,1.0,0.5789,5.0,5.0,0.5877,1.0,1.0,0.5789,1.0,1.0,0.5789,1.0,1.0,0.7368,0.0,0.0,0.3684,1.0,1.0,0.5789,1.0,1.0,0.5877,0.0,0.0,0.3684,3.0,3.0,0.5175,14.0,14.0,0.5351
66,18300,2239,727,593,281.0,64.0,21.0,64.0,53.0,78.0,335.0,364,111,142,160,154,245.0,13,42,345.0,21.0,142.0,49.0,128.0,720.0,1.0,15.0,0.0,9.0,39.0,24.0,12.0,213,14.0,6.9,5.5,16.8,4.0,5.9,16.9,16.3,5.0,6.3,7.1,6.9,100.0,,2.2,7.1,18.1,2.1,14.4,5.0,13.0,100.0,0.1,2.1,0.0,1.2,6.6,4.1,2.0,9.5,,2239,727,727,0.4737,593,593,0.4561,281.0,281.0,0.3725,64.0,64.0,0.3725,85.0,85.0,0.598,131.0,131.0,0.3725,335.0,335.0,0.4706,364,364,0.6667,567.0,567.0,0.4035,245.0,245.0,0.4314,55.0,55.0,0.4386,685.0,685.0,0.5294,720.0,720.0,0.5686,16.0,16.0,0.5098,9.0,9.0,0.8137,63.0,63.0,0.3333,12.0,12.0,0.2745,213,213,0.9298,14.0,14.0,0.1429,6.9,6.9,0.0816,22.3,22.3,0.7872,9.9,9.9,0.1224,16.9,16.9,0.4898,16.3,16.3,0.9643,25.299999999999997,25.299999999999997,0.1429,100.0,100.0,0.5102,9.3,9.3,0.2091,52.6,52.6,0.551,100.0,100.0,0.5102,2.2,2.2,0.449,1.2,1.2,0.7347,10.7,10.7,0.102,2.0,2.0,0.1633,9.5,9.5,0.9107,0.1429,0.1429,0.1429,0.0816,0.0816,0.0816,0.7872,0.7872,0.7872,0.1224,0.1224,0.1224,0.4898,0.4898,0.4898,1.6239000000000001,1.6239000000000001,0.1702,0.1702,0.1702,0.1702,0.9643,0.9643,0.9643,0.1429,0.1429,0.1429,0.5102,0.5102,0.5102,0.2091,0.2091,0.2091,0.551,0.551,0.551,2.3775,2.3775,0.2857,0.2857,0.2857,0.2857,0.5102,0.5102,0.5102,0.5102,0.5102,0.5102,0.5102,0.5102,0.5102,0.449,0.449,0.449,0.7347,0.7347,0.7347,0.102,0.102,0.102,0.1633,0.1633,0.1633,0.9107,0.9107,0.9107,2.3597,2.3597,0.4082,0.4082,0.4082,0.4082,1.3742999999999999,1.3742999999999999,0.234,0.234,0.234,0.234,1.0,1.0,0.5789,1.0,1.0,0.5789,1.0,1.0,0.5965,1.0,1.0,0.5789,1.0,1.0,0.5789,5.0,5.0,0.5965,1.0,1.0,0.5351,1.0,1.0,0.5175,1.0,1.0,0.5789,1.0,1.0,0.5263,1.0,1.0,0.5789,5.0,5.0,0.5877,1.0,1.0,0.5789,1.0,1.0,0.5789,1.0,1.0,0.7368,1.0,1.0,0.8684,1.0,1.0,0.5789,1.0,1.0,0.5877,1.0,1.0,0.8684,5.0,5.0,0.9912,16.0,16.0,1.0
66,24500,2524,840,584,781.0,122.0,13.0,54.0,103.0,247.0,566.0,200,218,246,242,217,280.0,30,59,704.0,61.0,308.0,311.0,23.0,954.0,1.0,0.0,1.0,15.0,95.0,95.0,39.0,0,31.4,12.4,3.5,14.6,7.3,17.5,22.8,7.9,8.6,9.7,9.6,8.6,100.0,,5.1,10.1,30.8,4.3,21.8,22.0,1.6,100.0,0.1,0.0,0.1,1.8,16.4,16.4,6.7,0.0,,2524,840,840,0.5439,584,584,0.4211,781.0,781.0,0.8039,122.0,122.0,0.5882,67.0,67.0,0.451,350.0,350.0,0.8431,566.0,566.0,0.6863,200,200,0.4386,923.0,923.0,0.5263,280.0,280.0,0.4706,89.0,89.0,0.5614,1407.0,1407.0,0.7843,954.0,954.0,0.7059,2.0,2.0,0.3529,15.0,15.0,0.902,190.0,190.0,0.7843,39.0,39.0,0.7451,0,0,0.1404,31.4,31.4,0.9796,12.4,12.4,0.7959,18.1,18.1,0.3404,24.8,24.8,0.9592,22.8,22.8,0.8571,7.9,7.9,0.1429,36.5,36.5,0.9286,100.0,100.0,0.5102,15.2,15.2,0.7727,80.5,80.5,0.9796,100.0,100.0,0.5102,0.2,0.2,0.2245,1.8,1.8,0.8265,32.8,32.8,0.949,6.7,6.7,0.7653,0.0,0.0,0.1339,0.9796,0.9796,0.9796,0.7959,0.7959,0.7959,0.3404,0.3404,0.3404,0.9592,0.9592,0.9592,0.8571,0.8571,0.8571,3.9322,3.9322,1.0,1.0,1.0,1.0,0.1429,0.1429,0.1429,0.9286,0.9286,0.9286,0.5102,0.5102,0.5102,0.7727,0.7727,0.7727,0.9796,0.9796,0.9796,3.334,3.334,0.9796,0.9796,0.9796,0.9796,0.5102,0.5102,0.5102,0.5102,0.5102,0.5102,0.5102,0.5102,0.5102,0.2245,0.2245,0.2245,0.8265,0.8265,0.8265,0.949,0.949,0.949,0.7653,0.7653,0.7653,0.1339,0.1339,0.1339,2.8992,2.8992,0.6327,0.6327,0.6327,0.6327,3.1224999999999996,3.1224999999999996,0.9362,0.9362,0.9362,0.9362,1.0,1.0,0.5789,1.0,1.0,0.5789,1.0,1.0,0.5965,1.0,1.0,0.5789,1.0,1.0,0.5789,5.0,5.0,0.5965,1.0,1.0,0.5351,1.0,1.0,0.5175,1.0,1.0,0.5789,1.0,1.0,0.5263,1.0,1.0,0.5789,5.0,5.0,0.5877,1.0,1.0,0.5789,1.0,1.0,0.5789,0.0,0.0,0.2368,1.0,1.0,0.8684,1.0,1.0,0.5789,1.0,1.0,0.5877,0.0,0.0,0.3684,3.0,3.0,0.5175,14.0,14.0,0.5351
66,25450,3826,1138,1077,523.0,160.0,24.0,125.0,59.0,197.0,436.0,389,212,250,369,309,445.0,35,72,252.0,74.0,76.0,59.0,43.0,574.0,1.0,3.0,4.0,4.0,101.0,52.0,30.0,20,13.8,9.1,3.0,15.7,2.5,8.2,11.6,10.2,5.5,6.5,9.6,8.1,100.0,,3.2,6.7,7.0,4.7,4.8,3.7,2.7,100.0,0.1,0.3,0.4,0.4,9.4,4.8,2.8,0.5,,3826,1138,1138,0.6667,1077,1077,0.807,523.0,523.0,0.5294,160.0,160.0,0.7157,149.0,149.0,0.9216,256.0,256.0,0.6373,436.0,436.0,0.5294,389,389,0.7368,1140.0,1140.0,0.7719,445.0,445.0,0.6667,107.0,107.0,0.6579,504.0,504.0,0.4706,574.0,574.0,0.4706,8.0,8.0,0.4706,4.0,4.0,0.598,153.0,153.0,0.549,30.0,30.0,0.6471,20,20,0.7018,13.8,13.8,0.1224,9.1,9.1,0.3265,18.7,18.7,0.383,10.7,10.7,0.1429,11.6,11.6,0.0612,10.2,10.2,0.3929,29.700000000000003,29.700000000000003,0.3929,100.0,100.0,0.5102,9.9,9.9,0.2909,22.9,22.9,0.1633,100.0,100.0,0.5102,0.8,0.8,0.3571,0.4,0.4,0.4184,14.2,14.2,0.2449,2.8,2.8,0.2959,0.5,0.5,0.6161,0.1224,0.1224,0.1224,0.3265,0.3265,0.3265,0.383,0.383,0.383,0.1429,0.1429,0.1429,0.0612,0.0612,0.0612,1.036,1.036,0.0213,0.0213,0.0213,0.0213,0.3929,0.3929,0.3929,0.3929,0.3929,0.3929,0.5102,0.5102,0.5102,0.2909,0.2909,0.2909,0.1633,0.1633,0.1633,1.7502,1.7502,0.0408,0.0408,0.0408,0.0408,0.5102,0.5102,0.5102,0.5102,0.5102,0.5102,0.5102,0.5102,0.5102,0.3571,0.3571,0.3571,0.4184,0.4184,0.4184,0.2449,0.2449,0.2449,0.2959,0.2959,0.2959,0.6161,0.6161,0.6161,1.9324,1.9324,0.2245,0.2245,0.2245,0.2245,0.7968000000000001,0.7968000000000001,0.0638,0.0638,0.0638,0.0638,1.0,1.0,0.5789,1.0,1.0,0.5789,1.0,1.0,0.5965,1.0,1.0,0.5789,1.0,1.0,0.5789,5.0,5.0,0.5965,1.0,1.0,0.5351,1.0,1.0,0.5175,1.0,1.0,0.5789,1.0,1.0,0.5263,1.0,1.0,0.5789,5.0,5.0,0.5877,1.0,1.0,0.5789,1.0,1.0,0.5789,0.0,0.0,0.2368,0.0,0.0,0.3684,1.0,1.0,0.5789,1.0,1.0,0.5877,0.0,0.0,0.3684,2.0,2.0,0.2456,13.0,13.0,0.2544
66,27400,6855,2157,1869,1887.0,313.0,30.0,138.0,307.0,436.0,1621.0,1050,373,522,548,618,1085.0,53,156,1817.0,117.0,1001.0,468.0,222.0,3134.0,22.0,3.0,9.0,44.0,260.0,157.0,146.0,40,27.7,11.0,3.9,17.9,7.2,10.2,23.9,15.3,5.4,7.6,8.0,9.0,100.0,,2.8,8.3,28.2,2.7,23.2,10.8,5.1,100.0,1.0,0.1,0.4,2.0,13.9,8.4,7.8,0.6,,6855,2157,2157,0.9825,1869,1869,0.9825,1887.0,1887.0,1.0,313.0,313.0,1.0,168.0,168.0,0.9608,743.0,743.0,1.0,1621.0,1621.0,1.0,1050,1050,1.0,2061.0,2061.0,1.0,1085.0,1085.0,1.0,209.0,209.0,1.0,3625.0,3625.0,1.0,3134.0,3134.0,1.0,34.0,34.0,0.6275,44.0,44.0,0.9804,417.0,417.0,0.9804,146.0,146.0,1.0,40,40,0.8246,27.7,27.7,0.8776,11.0,11.0,0.5918,21.799999999999997,21.799999999999997,0.7447,17.4,17.4,0.7755,23.9,23.9,0.9184,15.3,15.3,0.9196,30.0,30.0,0.4286,100.0,100.0,0.5102,11.100000000000001,11.100000000000001,0.4545,69.99999999999999,69.99999999999999,0.8776,100.0,100.0,0.5102,1.5,1.5,0.4082,2.0,2.0,0.898,22.3,22.3,0.7143,7.8,7.8,0.8776,0.6,0.6,0.6518,0.8776,0.8776,0.8776,0.5918,0.5918,0.5918,0.7447,0.7447,0.7447,0.7755,0.7755,0.7755,0.9184,0.9184,0.9184,3.9080000000000004,3.9080000000000004,0.9787,0.9787,0.9787,0.9787,0.9196,0.9196,0.9196,0.4286,0.4286,0.4286,0.5102,0.5102,0.5102,0.4545,0.4545,0.4545,0.8776,0.8776,0.8776,3.1905,3.1905,0.9184,0.9184,0.9184,0.9184,0.5102,0.5102,0.5102,0.5102,0.5102,0.5102,0.5102,0.5102,0.5102,0.4082,0.4082,0.4082,0.898,0.898,0.898,0.7143,0.7143,0.7143,0.8776,0.8776,0.8776,0.6518,0.6518,0.6518,3.5499000000000005,3.5499000000000005,0.9796,0.9796,0.9796,0.9796,3.3869000000000002,3.3869000000000002,1.0,1.0,1.0,1.0,1.0,1.0,0.5789,1.0,1.0,0.5789,1.0,1.0,0.5965,1.0,1.0,0.5789,1.0,1.0,0.5789,5.0,5.0,0.5965,1.0,1.0,0.5351,1.0,1.0,0.5175,1.0,1.0,0.5789,1.0,1.0,0.5263,1.0,1.0,0.5789,5.0,5.0,0.5877,1.0,1.0,0.5789,1.0,1.0,0.5789,1.0,1.0,0.7368,1.0,1.0,0.8684,1.0,1.0,0.5789,1.0,1.0,0.5877,0.0,0.0,0.3684,4.0,4.0,0.8333,15.0,15.0,0.8509
66,29350,0,0,0,0.0,0.0,0.0,0.0,0.0,0.0,0.0,0,0,0,0,0,0.0,0,0,0.0,0.0,0.0,0.0,0.0,0.0,0.0,0.0,0.0,0.0,0.0,0.0,0.0,0,,,,,,,,,,,,,,,,,,,,,,,,,,,,,,,,0,0,0,0.0263,0,0,0.0263,0.0,0.0,0.0294,0.0,0.0,0.0294,0.0,0.0,0.049,0.0,0.0,0.0294,0.0,0.0,0.0294,0,0,0.0263,0.0,0.0,0.0175,0.0,0.0,0.0294,0.0,0.0,0.0263,0.0,0.0,0.0294,0.0,0.0,0.0294,0.0,0.0,0.0882,0.0,0.0,0.0882,0.0,0.0,0.0294,0.0,0.0,0.0294,0,0,0.1404,,,,,,,,,,,,,,,,,,,,,,,,,,,,,,,,,,,,,,,,,,,,,,,,,,,,,,,,,,,,,,,,,,,,,,,,,,,,,,,,,,,,,,,,,,,,,,,,,,,,,,,,,,,,,,,,,,,,,,,,,,,,,,,0.0,0.0,0.0789,0.0,0.0,0.0789,0.0,0.0,0.0965,0.0,0.0,0.0789,0.0,0.0,0.0789,0.0,0.0,0.0789,0.0,0.0,0.0351,0.0,0.0,0.0175,0.0,0.0,0.0789,0.0,0.0,0.0263,0.0,0.0,0.0789,0.0,0.0,0.0175,0.0,0.0,0.0789,0.0,0.0,0.0789,0.0,0.0,0.2368,0.0,0.0,0.3684,0.0,0.0,0.0789,0.0,0.0,0.0877,0.0,0.0,0.3684,0.0,0.0,0.0439,0.0,0.0,0.0175
66,34750,943,407,344,,,,,,,,138,60,60,39,71,,11,26,,,,,,,,,,,,,,56,,,,,,,,14.6,6.4,6.4,4.1,7.5,,,3.2,7.6,,,,,,,,,,,,,,5.9,,943,407,407,0.3158,344,344,0.2807,,,,,,,,,,,,,,,,138,138,0.3684,230.0,230.0,0.1754,,,,37.0,37.0,0.3158,,,,,,,,,,,,,,,,,,,56,56,0.8421,,,,,,,,,,,,,,,,14.6,14.6,0.8929,24.4,24.4,0.125,,,,10.8,10.8,0.4273,,,,,,,,,,,,,,,,,,,5.9,5.9,0.875,,,,,,,,,,,,,,,,,,,,,,0.8929,0.8929,0.8929,0.125,0.125,0.125,,,,0.4273,0.4273,0.4273,,,,,,,,,,,,,,,,,,,,,,,,,,,,,,,0.875,0.875,0.875,,,,,,,,,,,,,0.0,0.0,0.0789,0.0,0.0,0.0789,0.0,0.0,0.0965,0.0,0.0,0.0789,0.0,0.0,0.0789,0.0,0.0,0.0789,1.0,1.0,0.5351,1.0,1.0,0.5175,0.0,0.0,0.0789,1.0,1.0,0.5263,0.0,0.0,0.0789,3.0,3.0,0.0965,0.0,0.0,0.0789,0.0,0.0,0.0789,0.0,0.0,0.2368,0.0,0.0,0.3684,0.0,0.0,0.0789,0.0,0.0,0.0877,1.0,1.0,0.8684,1.0,1.0,0.114,4.0,4.0,0.1228
66,35000,1389,363,356,,,,,,,,113,40,66,51,48,,12,20,,,,,,,,,,,,,,410,,,,,,,,8.1,2.9,4.8,3.7,3.5,,,3.4,5.6,,,,,,,,,,,,,,29.5,,1389,363,363,0.2807,356,356,0.3158,,,,,,,,,,,,,,,,113,113,0.2982,205.0,205.0,0.1404,,,,32.0,32.0,0.2368,,,,,,,,,,,,,,,,,,,410,410,0.9474,,,,,,,,,,,,,,,,8.1,8.1,0.1696,14.899999999999999,14.899999999999999,0.0357,,,,9.0,9.0,0.1818,,,,,,,,,,,,,,,,,,,29.5,29.5,0.9821,,,,,,,,,,,,,,,,,,,,,,0.1696,0.1696,0.1696,0.0357,0.0357,0.0357,,,,0.1818,0.1818,0.1818,,,,,,,,,,,,,,,,,,,,,,,,,,,,,,,0.9821,0.9821,0.9821,,,,,,,,,,,,,0.0,0.0,0.0789,0.0,0.0,0.0789,0.0,0.0,0.0965,0.0,0.0,0.0789,0.0,0.0,0.0789,0.0,0.0,0.0789,1.0,1.0,0.5351,1.0,1.0,0.5175,0.0,0.0,0.0789,1.0,1.0,0.5263,0.0,0.0,0.0789,3.0,3.0,0.0965,0.0,0.0,0.0789,0.0,0.0,0.0789,0.0,0.0,0.2368,0.0,0.0,0.3684,0.0,0.0,0.0789,0.0,0.0,0.0877,1.0,1.0,0.8684,1.0,1.0,0.114,4.0,4.0,0.1228
66,35850,896,235,218,232.0,41.0,8.0,19.0,12.0,71.0,120.0,85,93,87,80,56,97.0,20,18,66.0,33.0,6.0,23.0,2.0,62.0,1.0,1.0,0.0,1.0,30.0,20.0,12.0,6,26.3,11.7,5.6,13.3,2.4,13.9,13.6,9.5,10.4,9.7,8.9,6.3,100.0,,9.2,8.3,8.3,10.0,1.8,7.0,0.6,100.0,0.4,0.4,0.0,0.4,13.8,9.2,5.5,0.7,,896,235,235,0.1228,218,218,0.1404,232.0,232.0,0.3137,41.0,41.0,0.2549,27.0,27.0,0.2353,83.0,83.0,0.2745,120.0,120.0,0.2549,85,85,0.2105,316.0,316.0,0.2982,97.0,97.0,0.1961,38.0,38.0,0.3333,130.0,130.0,0.2353,62.0,62.0,0.1176,2.0,2.0,0.3529,1.0,1.0,0.2843,50.0,50.0,0.2941,12.0,12.0,0.2745,6,6,0.4825,26.3,26.3,0.7551,11.7,11.7,0.7143,18.9,18.9,0.4043,16.3,16.3,0.6735,13.6,13.6,0.2449,9.5,9.5,0.2857,35.3,35.3,0.875,100.0,100.0,0.5102,17.5,17.5,0.8909,27.700000000000003,27.700000000000003,0.2857,100.0,100.0,0.5102,0.8,0.8,0.3571,0.4,0.4,0.4184,23.0,23.0,0.7653,5.5,5.5,0.6122,0.7,0.7,0.6875,0.7551,0.7551,0.7551,0.7143,0.7143,0.7143,0.4043,0.4043,0.4043,0.6735,0.6735,0.6735,0.2449,0.2449,0.2449,2.7921,2.7921,0.5957,0.5957,0.5957,0.5957,0.2857,0.2857,0.2857,0.875,0.875,0.875,0.5102,0.5102,0.5102,0.8909,0.8909,0.8909,0.2857,0.2857,0.2857,2.8474999999999997,2.8474999999999997,0.6531,0.6531,0.6531,0.6531,0.5102,0.5102,0.5102,0.5102,0.5102,0.5102,0.5102,0.5102,0.5102,0.3571,0.3571,0.3571,0.4184,0.4184,0.4184,0.7653,0.7653,0.7653,0.6122,0.6122,0.6122,0.6875,0.6875,0.6875,2.8405,2.8405,0.6122,0.6122,0.6122,0.6122,2.3712,2.3712,0.617,0.617,0.617,0.617,1.0,1.0,0.5789,1.0,1.0,0.5789,1.0,1.0,0.5965,1.0,1.0,0.5789,1.0,1.0,0.5789,5.0,5.0,0.5965,1.0,1.0,0.5351,1.0,1.0,0.5175,1.0,1.0,0.5789,1.0,1.0,0.5263,1.0,1.0,0.5789,5.0,5.0,0.5877,1.0,1.0,0.5789,1.0,1.0,0.5789,0.0,0.0,0.2368,0.0,0.0,0.3684,1.0,1.0,0.5789,1.0,1.0,0.5877,0.0,0.0,0.3684,2.0,2.0,0.2456,13.0,13.0,0.2544
66,36600,1153,371,348,109.0,41.0,14.0,45.0,29.0,34.0,146.0,114,64,86,95,70,113.0,6,5,51.0,26.0,14.0,1.0,10.0,112.0,0.0,0.0,0.0,9.0,22.0,10.0,3.0,2,9.6,7.8,5.7,18.2,3.9,4.6,13.5,9.9,5.6,7.5,8.2,6.1,100.0,,1.7,1.4,4.7,7.6,4.1,0.3,2.9,100.0,0.0,0.0,0.0,2.4,6.4,2.9,0.9,0.2,,1153,371,371,0.2982,348,348,0.2982,109.0,109.0,0.1569,41.0,41.0,0.2549,59.0,59.0,0.3922,63.0,63.0,0.1569,146.0,146.0,0.2745,114,114,0.3158,315.0,315.0,0.2807,113.0,113.0,0.2353,11.0,11.0,0.0702,102.0,102.0,0.1961,112.0,112.0,0.1961,0.0,0.0,0.0882,9.0,9.0,0.8137,32.0,32.0,0.1569,3.0,3.0,0.1176,2,2,0.307,9.6,9.6,0.0408,7.8,7.8,0.2041,23.9,23.9,0.8191,8.5,8.5,0.0816,13.5,13.5,0.2143,9.9,9.9,0.3304,27.4,27.4,0.2768,100.0,100.0,0.5102,3.0999999999999996,3.0999999999999996,0.0182,19.599999999999998,19.599999999999998,0.102,100.0,100.0,0.5102,0.0,0.0,0.0714,2.4,2.4,0.949,9.3,9.3,0.0612,0.9,0.9,0.0408,0.2,0.2,0.4375,0.0408,0.0408,0.0408,0.2041,0.2041,0.2041,0.8191,0.8191,0.8191,0.0816,0.0816,0.0816,0.2143,0.2143,0.2143,1.3598999999999999,1.3598999999999999,0.1277,0.1277,0.1277,0.1277,0.3304,0.3304,0.3304,0.2768,0.2768,0.2768,0.5102,0.5102,0.5102,0.0182,0.0182,0.0182,0.102,0.102,0.102,1.2376,1.2376,0.0204,0.0204,0.0204,0.0204,0.5102,0.5102,0.5102,0.5102,0.5102,0.5102,0.5102,0.5102,0.5102,0.0714,0.0714,0.0714,0.949,0.949,0.949,0.0612,0.0612,0.0612,0.0408,0.0408,0.0408,0.4375,0.4375,0.4375,1.5598999999999998,1.5598999999999998,0.1224,0.1224,0.1224,0.1224,0.7807,0.7807,0.0426,0.0426,0.0426,0.0426,1.0,1.0,0.5789,1.0,1.0,0.5789,1.0,1.0,0.5965,1.0,1.0,0.5789,1.0,1.0,0.5789,5.0,5.0,0.5965,1.0,1.0,0.5351,1.0,1.0,0.5175,1.0,1.0,0.5789,1.0,1.0,0.5263,1.0,1.0,0.5789,5.0,5.0,0.5877,1.0,1.0,0.5789,1.0,1.0,0.5789,0.0,0.0,0.2368,1.0,1.0,0.8684,1.0,1.0,0.5789,1.0,1.0,0.5877,0.0,0.0,0.3684,3.0,3.0,0.5175,14.0,14.0,0.5351
66,41300,4653,1694,1337,866.0,188.0,26.0,115.0,206.0,214.0,1090.0,829,245,233,354,368,731.0,37,93,1411.0,58.0,1029.0,126.0,189.0,2561.0,33.0,47.0,113.0,41.0,169.0,94.0,51.0,4,18.7,8.8,3.2,14.4,6.6,6.9,23.6,17.8,5.3,5.0,7.6,7.9,100.0,,2.8,7.0,32.0,1.9,33.1,4.1,6.1,100.0,1.9,2.8,6.7,2.4,12.6,7.0,3.8,0.1,,4653,1694,1694,0.8947,1337,1337,0.8772,866.0,866.0,0.8824,188.0,188.0,0.902,141.0,141.0,0.8922,420.0,420.0,0.9216,1090.0,1090.0,0.9608,829,829,0.9825,1200.0,1200.0,0.8246,731.0,731.0,0.9804,130.0,130.0,0.7895,2813.0,2813.0,0.9608,2561.0,2561.0,0.9608,193.0,193.0,0.8431,41.0,41.0,0.9608,263.0,263.0,0.9216,51.0,51.0,0.8235,4,4,0.386,18.7,18.7,0.4082,8.8,8.8,0.3061,17.6,17.6,0.3191,13.5,13.5,0.449,23.6,23.6,0.898,17.8,17.8,0.9821,25.799999999999997,25.799999999999997,0.1786,100.0,100.0,0.5102,9.8,9.8,0.2636,77.19999999999999,77.19999999999999,0.9592,100.0,100.0,0.5102,11.399999999999999,11.399999999999999,0.7347,2.4,2.4,0.949,19.6,19.6,0.5306,3.8,3.8,0.5,0.1,0.1,0.3125,0.4082,0.4082,0.4082,0.3061,0.3061,0.3061,0.3191,0.3191,0.3191,0.449,0.449,0.449,0.898,0.898,0.898,2.3804,2.3804,0.4468,0.4468,0.4468,0.4468,0.9821,0.9821,0.9821,0.1786,0.1786,0.1786,0.5102,0.5102,0.5102,0.2636,0.2636,0.2636,0.9592,0.9592,0.9592,2.8937,2.8937,0.7347,0.7347,0.7347,0.7347,0.5102,0.5102,0.5102,0.5102,0.5102,0.5102,0.5102,0.5102,0.5102,0.7347,0.7347,0.7347,0.949,0.949,0.949,0.5306,0.5306,0.5306,0.5,0.5,0.5,0.3125,0.3125,0.3125,3.0267999999999997,3.0267999999999997,0.6939,0.6939,0.6939,0.6939,2.3856,2.3856,0.6809,0.6809,0.6809,0.6809,1.0,1.0,0.5789,1.0,1.0,0.5789,1.0,1.0,0.5965,1.0,1.0,0.5789,1.0,1.0,0.5789,5.0,5.0,0.5965,1.0,1.0,0.5351,1.0,1.0,0.5175,1.0,1.0,0.5789,1.0,1.0,0.5263,1.0,1.0,0.5789,5.0,5.0,0.5877,1.0,1.0,0.5789,1.0,1.0,0.5789,1.0,1.0,0.7368,1.0,1.0,0.8684,1.0,1.0,0.5789,1.0,1.0,0.5877,0.0,0.0,0.3684,4.0,4.0,0.8333,15.0,15.0,0.8509
66,42470,3643,947,847,1010.0,178.0,11.0,77.0,134.0,180.0,774.0,322,309,319,303,309,503.0,36,116,892.0,22.0,668.0,192.0,7.0,1803.0,73.0,1.0,8.0,5.0,161.0,108.0,46.0,3,27.8,11.2,2.1,14.5,6.4,8.6,21.4,8.8,8.5,8.8,8.3,8.5,100.0,,4.3,13.7,26.8,1.0,29.9,8.6,0.3,100.0,7.7,0.1,0.8,0.5,19.0,12.8,5.4,0.1,,3643,947,947,0.5965,847,847,0.5965,1010.0,1010.0,0.9608,178.0,178.0,0.8431,88.0,88.0,0.6275,314.0,314.0,0.7647,774.0,774.0,0.8431,322,322,0.5789,1240.0,1240.0,0.8596,503.0,503.0,0.7843,152.0,152.0,0.8772,1781.0,1781.0,0.8627,1803.0,1803.0,0.8824,82.0,82.0,0.7059,5.0,5.0,0.6569,269.0,269.0,0.9412,46.0,46.0,0.7843,3,3,0.3509,27.8,27.8,0.898,11.2,11.2,0.6633,16.6,16.6,0.1915,15.0,15.0,0.5918,21.4,21.4,0.7959,8.8,8.8,0.2411,34.1,34.1,0.7857,100.0,100.0,0.5102,18.0,18.0,0.9364,66.6,66.6,0.8367,100.0,100.0,0.5102,8.6,8.6,0.6531,0.5,0.5,0.5306,31.8,31.8,0.9184,5.4,5.4,0.5918,0.1,0.1,0.3125,0.898,0.898,0.898,0.6633,0.6633,0.6633,0.1915,0.1915,0.1915,0.5918,0.5918,0.5918,0.7959,0.7959,0.7959,3.1405000000000003,3.1405000000000003,0.7234,0.7234,0.7234,0.7234,0.2411,0.2411,0.2411,0.7857,0.7857,0.7857,0.5102,0.5102,0.5102,0.9364,0.9364,0.9364,0.8367,0.8367,0.8367,3.3101,3.3101,0.9592,0.9592,0.9592,0.9592,0.5102,0.5102,0.5102,0.5102,0.5102,0.5102,0.5102,0.5102,0.5102,0.6531,0.6531,0.6531,0.5306,0.5306,0.5306,0.9184,0.9184,0.9184,0.5918,0.5918,0.5918,0.3125,0.3125,0.3125,3.0064,3.0064,0.6735,0.6735,0.6735,0.6735,2.8663,2.8663,0.8085,0.8085,0.8085,0.8085,1.0,1.0,0.5789,1.0,1.0,0.5789,1.0,1.0,0.5965,1.0,1.0,0.5789,1.0,1.0,0.5789,5.0,5.0,0.5965,1.0,1.0,0.5351,1.0,1.0,0.5175,1.0,1.0,0.5789,1.0,1.0,0.5263,1.0,1.0,0.5789,5.0,5.0,0.5877,1.0,1.0,0.5789,1.0,1.0,0.5789,1.0,1.0,0.7368,0.0,0.0,0.3684,1.0,1.0,0.5789,1.0,1.0,0.5877,0.0,0.0,0.3684,3.0,3.0,0.5175,14.0,14.0,0.5351
66,42480,3246,825,729,946.0,160.0,8.0,52.0,85.0,184.0,590.0,175,335,356,356,272,241.0,57,130,655.0,33.0,342.0,262.0,14.0,1313.0,18.0,3.0,54.0,12.0,155.0,96.0,28.0,3,29.3,12.5,2.8,18.4,5.0,10.8,18.5,5.4,10.3,11.0,11.0,8.4,100.0,,7.8,17.8,22.6,1.8,18.8,14.4,0.8,100.0,2.2,0.4,6.6,1.5,21.3,13.2,3.8,0.1,,3246,825,825,0.5263,729,729,0.5614,946.0,946.0,0.9216,160.0,160.0,0.7157,60.0,60.0,0.4118,269.0,269.0,0.6667,590.0,590.0,0.7059,175,175,0.4035,1319.0,1319.0,0.8947,241.0,241.0,0.4118,187.0,187.0,0.9649,1306.0,1306.0,0.7255,1313.0,1313.0,0.7451,75.0,75.0,0.6863,12.0,12.0,0.8725,251.0,251.0,0.902,28.0,28.0,0.5392,3,3,0.3509,29.3,29.3,0.9184,12.5,12.5,0.8265,21.2,21.2,0.7021,15.8,15.8,0.6531,18.5,18.5,0.6327,5.4,5.4,0.0714,40.699999999999996,40.699999999999996,1.0,100.0,100.0,0.5102,25.6,25.6,1.0,58.4,58.4,0.7143,100.0,100.0,0.5102,9.2,9.2,0.6939,1.5,1.5,0.7959,34.5,34.5,0.9796,3.8,3.8,0.5,0.1,0.1,0.3125,0.9184,0.9184,0.9184,0.8265,0.8265,0.8265,0.7021,0.7021,0.7021,0.6531,0.6531,0.6531,0.6327,0.6327,0.6327,3.7328,3.7328,0.9149,0.9149,0.9149,0.9149,0.0714,0.0714,0.0714,1.0,1.0,1.0,0.5102,0.5102,0.5102,1.0,1.0,1.0,0.7143,0.7143,0.7143,3.2959,3.2959,0.9388,0.9388,0.9388,0.9388,0.5102,0.5102,0.5102,0.5102,0.5102,0.5102,0.5102,0.5102,0.5102,0.6939,0.6939,0.6939,0.7959,0.7959,0.7959,0.9796,0.9796,0.9796,0.5,0.5,0.5,0.3125,0.3125,0.3125,3.2819000000000003,3.2819000000000003,0.8776,0.8776,0.8776,0.8776,3.2415000000000003,3.2415000000000003,0.9574,0.9574,0.9574,0.9574,1.0,1.0,0.5789,1.0,1.0,0.5789,1.0,1.0,0.5965,1.0,1.0,0.5789,1.0,1.0,0.5789,5.0,5.0,0.5965,1.0,1.0,0.5351,1.0,1.0,0.5175,1.0,1.0,0.5789,1.0,1.0,0.5263,1.0,1.0,0.5789,5.0,5.0,0.5877,1.0,1.0,0.5789,1.0,1.0,0.5789,1.0,1.0,0.7368,1.0,1.0,0.8684,1.0,1.0,0.5789,1.0,1.0,0.5877,0.0,0.0,0.3684,4.0,4.0,0.8333,15.0,15.0,0.8509
66,42490,5809,1729,1474,1153.0,291.0,31.0,92.0,235.0,347.0,1366.0,623,424,406,421,499,666.0,55,130,1557.0,32.0,1187.0,291.0,46.0,3065.0,54.0,6.0,2.0,12.0,272.0,158.0,50.0,106,20.3,11.2,4.2,12.5,6.7,9.9,24.2,10.7,7.3,7.0,7.2,8.6,100.0,,3.7,8.8,29.5,0.9,32.0,7.9,1.2,100.0,3.1,0.3,0.1,0.7,18.5,10.7,3.4,1.8,,5809,1729,1729,0.9123,1474,1474,0.9298,1153.0,1153.0,0.9804,291.0,291.0,0.9804,123.0,123.0,0.7843,582.0,582.0,0.9804,1366.0,1366.0,0.9804,623,623,0.9298,1750.0,1750.0,0.9825,666.0,666.0,0.9412,185.0,185.0,0.9474,3113.0,3113.0,0.9804,3065.0,3065.0,0.9804,62.0,62.0,0.6471,12.0,12.0,0.8725,430.0,430.0,1.0,50.0,50.0,0.8039,106,106,0.8772,20.3,20.3,0.4694,11.2,11.2,0.6633,16.7,16.7,0.2128,16.6,16.6,0.6939,24.2,24.2,0.949,10.7,10.7,0.5179,30.1,30.1,0.4821,100.0,100.0,0.5102,12.5,12.5,0.6182,71.5,71.5,0.9184,100.0,100.0,0.5102,3.5,3.5,0.5306,0.7,0.7,0.6224,29.2,29.2,0.898,3.4,3.4,0.4184,1.8,1.8,0.8393,0.4694,0.4694,0.4694,0.6633,0.6633,0.6633,0.2128,0.2128,0.2128,0.6939,0.6939,0.6939,0.949,0.949,0.949,2.9883999999999995,2.9883999999999995,0.6596,0.6596,0.6596,0.6596,0.5179,0.5179,0.5179,0.4821,0.4821,0.4821,0.5102,0.5102,0.5102,0.6182,0.6182,0.6182,0.9184,0.9184,0.9184,3.0468,3.0468,0.8776,0.8776,0.8776,0.8776,0.5102,0.5102,0.5102,0.5102,0.5102,0.5102,0.5102,0.5102,0.5102,0.5306,0.5306,0.5306,0.6224,0.6224,0.6224,0.898,0.898,0.898,0.4184,0.4184,0.4184,0.8393,0.8393,0.8393,3.3087000000000004,3.3087000000000004,0.898,0.898,0.898,0.898,2.9454,2.9454,0.8298,0.8298,0.8298,0.8298,1.0,1.0,0.5789,1.0,1.0,0.5789,1.0,1.0,0.5965,1.0,1.0,0.5789,1.0,1.0,0.5789,5.0,5.0,0.5965,1.0,1.0,0.5351,1.0,1.0,0.5175,1.0,1.0,0.5789,1.0,1.0,0.5263,1.0,1.0,0.5789,5.0,5.0,0.5877,1.0,1.0,0.5789,1.0,1.0,0.5789,1.0,1.0,0.7368,0.0,0.0,0.3684,1.0,1.0,0.5789,1.0,1.0,0.5877,1.0,1.0,0.8684,4.0,4.0,0.8333,15.0,15.0,0.8509
66,43300,3500,1223,1018,666.0,123.0,25.0,65.0,156.0,224.0,839.0,408,210,227,264,287,450.0,28,88,910.0,82.0,531.0,107.0,181.0,1601.0,109.0,38.0,60.0,23.0,134.0,82.0,32.0,6,19.1,7.2,5.5,14.4,6.9,10.0,24.2,11.7,6.0,6.5,7.5,8.2,100.0,,2.8,8.6,27.8,3.8,24.9,5.0,8.5,100.0,8.9,3.1,4.9,1.9,13.2,8.1,3.1,0.2,,3500,1223,1223,0.7895,1018,1018,0.7368,666.0,666.0,0.6863,123.0,123.0,0.6078,90.0,90.0,0.6471,380.0,380.0,0.902,839.0,839.0,0.902,408,408,0.7544,988.0,988.0,0.6491,450.0,450.0,0.6863,116.0,116.0,0.7193,1811.0,1811.0,0.8824,1601.0,1601.0,0.8235,207.0,207.0,0.902,23.0,23.0,0.9216,216.0,216.0,0.8333,32.0,32.0,0.6863,6,6,0.4825,19.1,19.1,0.4286,7.2,7.2,0.1224,19.9,19.9,0.5957,16.9,16.9,0.7347,24.2,24.2,0.949,11.7,11.7,0.6607,28.2,28.2,0.3214,100.0,100.0,0.5102,11.399999999999999,11.399999999999999,0.5091,70.0,70.0,0.898,100.0,100.0,0.5102,16.9,16.9,0.7959,1.9,1.9,0.8673,21.299999999999997,21.299999999999997,0.6122,3.1,3.1,0.3367,0.2,0.2,0.4375,0.4286,0.4286,0.4286,0.1224,0.1224,0.1224,0.5957,0.5957,0.5957,0.7347,0.7347,0.7347,0.949,0.949,0.949,2.8304,2.8304,0.617,0.617,0.617,0.617,0.6607,0.6607,0.6607,0.3214,0.3214,0.3214,0.5102,0.5102,0.5102,0.5091,0.5091,0.5091,0.898,0.898,0.898,2.8994,2.8994,0.7551,0.7551,0.7551,0.7551,0.5102,0.5102,0.5102,0.5102,0.5102,0.5102,0.5102,0.5102,0.5102,0.7959,0.7959,0.7959,0.8673,0.8673,0.8673,0.6122,0.6122,0.6122,0.3367,0.3367,0.3367,0.4375,0.4375,0.4375,3.0496,3.0496,0.7143,0.7143,0.7143,0.7143,2.5966,2.5966,0.7447,0.7447,0.7447,0.7447,1.0,1.0,0.5789,1.0,1.0,0.5789,1.0,1.0,0.5965,1.0,1.0,0.5789,1.0,1.0,0.5789,5.0,5.0,0.5965,1.0,1.0,0.5351,1.0,1.0,0.5175,1.0,1.0,0.5789,1.0,1.0,0.5263,1.0,1.0,0.5789,5.0,5.0,0.5877,1.0,1.0,0.5789,1.0,1.0,0.5789,1.0,1.0,0.7368,1.0,1.0,0.8684,1.0,1.0,0.5789,1.0,1.0,0.5877,0.0,0.0,0.3684,4.0,4.0,0.8333,15.0,15.0,0.8509
66,43650,676,257,210,78.0,33.0,2.0,22.0,12.0,43.0,92.0,108,44,31,50,60,102.0,9,9,34.0,10.0,9.0,6.0,9.0,68.0,0.0,0.0,0.0,1.0,16.0,9.0,7.0,0,11.6,10.1,1.3,14.3,2.7,9.7,13.8,16.0,6.5,4.6,7.4,8.9,100.0,,4.3,4.3,5.4,4.0,3.6,2.4,3.6,100.0,0.0,0.0,0.0,0.4,7.7,4.3,3.3,0.0,,676,257,257,0.1404,210,210,0.1228,78.0,78.0,0.1373,33.0,33.0,0.1569,24.0,24.0,0.2157,55.0,55.0,0.1373,92.0,92.0,0.1373,108,108,0.2807,185.0,185.0,0.0877,102.0,102.0,0.2157,18.0,18.0,0.0965,68.0,68.0,0.098,68.0,68.0,0.1373,0.0,0.0,0.0882,1.0,1.0,0.2843,25.0,25.0,0.1176,7.0,7.0,0.2059,0,0,0.1404,11.6,11.6,0.0612,10.1,10.1,0.4796,15.600000000000001,15.600000000000001,0.1277,12.399999999999999,12.399999999999999,0.2653,13.8,13.8,0.2755,16.0,16.0,0.9464,27.4,27.4,0.2768,100.0,100.0,0.5102,8.6,8.6,0.1636,19.0,19.0,0.0816,100.0,100.0,0.5102,0.0,0.0,0.0714,0.4,0.4,0.4184,12.0,12.0,0.1633,3.3,3.3,0.3878,0.0,0.0,0.1339,0.0612,0.0612,0.0612,0.4796,0.4796,0.4796,0.1277,0.1277,0.1277,0.2653,0.2653,0.2653,0.2755,0.2755,0.2755,1.2093,1.2093,0.0638,0.0638,0.0638,0.0638,0.9464,0.9464,0.9464,0.2768,0.2768,0.2768,0.5102,0.5102,0.5102,0.1636,0.1636,0.1636,0.0816,0.0816,0.0816,1.9786000000000001,1.9786000000000001,0.1224,0.1224,0.1224,0.1224,0.5102,0.5102,0.5102,0.5102,0.5102,0.5102,0.5102,0.5102,0.5102,0.0714,0.0714,0.0714,0.4184,0.4184,0.4184,0.1633,0.1633,0.1633,0.3878,0.3878,0.3878,0.1339,0.1339,0.1339,1.1747999999999998,1.1747999999999998,0.0612,0.0612,0.0612,0.0612,0.7575999999999999,0.7575999999999999,0.0213,0.0213,0.0213,0.0213,1.0,1.0,0.5789,1.0,1.0,0.5789,1.0,1.0,0.5965,1.0,1.0,0.5789,1.0,1.0,0.5789,5.0,5.0,0.5965,1.0,1.0,0.5351,1.0,1.0,0.5175,1.0,1.0,0.5789,1.0,1.0,0.5263,1.0,1.0,0.5789,5.0,5.0,0.5877,1.0,1.0,0.5789,1.0,1.0,0.5789,0.0,0.0,0.2368,0.0,0.0,0.3684,1.0,1.0,0.5789,1.0,1.0,0.5877,0.0,0.0,0.3684,2.0,2.0,0.2456,13.0,13.0,0.2544
66,44300,685,303,255,182.0,21.0,1.0,12.0,12.0,64.0,172.0,53,68,40,36,42,71.0,16,26,190.0,32.0,37.0,84.0,31.0,250.0,71.0,109.0,14.0,0.0,25.0,17.0,16.0,0,26.6,6.6,2.1,25.0,2.7,14.6,25.8,7.7,9.9,5.8,5.3,6.1,100.0,,6.3,10.2,30.8,9.1,10.5,23.9,8.8,100.0,23.4,36.0,4.6,0.0,9.8,6.7,6.3,0.0,,685,303,303,0.2456,255,255,0.2281,182.0,182.0,0.2549,21.0,21.0,0.1176,13.0,13.0,0.1176,76.0,76.0,0.2255,172.0,172.0,0.3137,53,53,0.1228,186.0,186.0,0.1053,71.0,71.0,0.1373,42.0,42.0,0.386,374.0,374.0,0.4118,250.0,250.0,0.3725,194.0,194.0,0.8627,0.0,0.0,0.0882,42.0,42.0,0.2451,16.0,16.0,0.3725,0,0,0.1404,26.6,26.6,0.7959,6.6,6.6,0.051,27.1,27.1,0.9574,17.3,17.3,0.7551,25.8,25.8,0.9796,7.7,7.7,0.125,27.1,27.1,0.2321,100.0,100.0,0.5102,16.5,16.5,0.8545,83.1,83.1,1.0,100.0,100.0,0.5102,64.0,64.0,1.0,0.0,0.0,0.0714,16.5,16.5,0.3469,6.3,6.3,0.7143,0.0,0.0,0.1339,0.7959,0.7959,0.7959,0.051,0.051,0.051,0.9574,0.9574,0.9574,0.7551,0.7551,0.7551,0.9796,0.9796,0.9796,3.539,3.539,0.8936,0.8936,0.8936,0.8936,0.125,0.125,0.125,0.2321,0.2321,0.2321,0.5102,0.5102,0.5102,0.8545,0.8545,0.8545,1.0,1.0,1.0,2.7218,2.7218,0.5306,0.5306,0.5306,0.5306,0.5102,0.5102,0.5102,0.5102,0.5102,0.5102,0.5102,0.5102,0.5102,1.0,1.0,1.0,0.0714,0.0714,0.0714,0.3469,0.3469,0.3469,0.7143,0.7143,0.7143,0.1339,0.1339,0.1339,2.2665,2.2665,0.3469,0.3469,0.3469,0.3469,2.2813,2.2813,0.5957,0.5957,0.5957,0.5957,1.0,1.0,0.5789,1.0,1.0,0.5789,1.0,1.0,0.5965,1.0,1.0,0.5789,1.0,1.0,0.5789,5.0,5.0,0.5965,1.0,1.0,0.5351,1.0,1.0,0.5175,1.0,1.0,0.5789,1.0,1.0,0.5263,1.0,1.0,0.5789,5.0,5.0,0.5877,1.0,1.0,0.5789,1.0,1.0,0.5789,1.0,1.0,0.7368,0.0,0.0,0.3684,1.0,1.0,0.5789,1.0,1.0,0.5877,0.0,0.0,0.3684,3.0,3.0,0.5175,14.0,14.0,0.5351
66,44500,1154,289,276,236.0,45.0,11.0,44.0,29.0,95.0,98.0,97,77,91,121,116,146.0,11,20,60.0,39.0,8.0,9.0,1.0,61.0,0.0,1.0,0.0,3.0,42.0,37.0,11.0,0,20.6,9.8,5.1,20.6,4.4,14.5,8.6,8.4,6.7,7.9,10.5,10.1,100.0,,4.0,7.2,5.6,7.3,1.5,1.7,0.2,100.0,0.0,0.3,0.0,1.0,15.3,13.5,4.0,0.0,,1154,289,289,0.2281,276,276,0.2632,236.0,236.0,0.3333,45.0,45.0,0.3137,55.0,55.0,0.3529,124.0,124.0,0.3529,98.0,98.0,0.1569,97,97,0.2456,405.0,405.0,0.3684,146.0,146.0,0.3137,31.0,31.0,0.2018,117.0,117.0,0.2157,61.0,61.0,0.098,1.0,1.0,0.2255,3.0,3.0,0.5294,79.0,79.0,0.3922,11.0,11.0,0.2353,0,0,0.1404,20.6,20.6,0.5306,9.8,9.8,0.3878,25.700000000000003,25.700000000000003,0.9149,18.9,18.9,0.8367,8.6,8.6,0.0204,8.4,8.4,0.1964,35.2,35.2,0.8571,100.0,100.0,0.5102,11.2,11.2,0.4818,16.299999999999997,16.299999999999997,0.0408,100.0,100.0,0.5102,0.3,0.3,0.3061,1.0,1.0,0.6939,28.8,28.8,0.8776,4.0,4.0,0.5306,0.0,0.0,0.1339,0.5306,0.5306,0.5306,0.3878,0.3878,0.3878,0.9149,0.9149,0.9149,0.8367,0.8367,0.8367,0.0204,0.0204,0.0204,2.6904,2.6904,0.5319,0.5319,0.5319,0.5319,0.1964,0.1964,0.1964,0.8571,0.8571,0.8571,0.5102,0.5102,0.5102,0.4818,0.4818,0.4818,0.0408,0.0408,0.0408,2.0862999999999996,2.0862999999999996,0.1633,0.1633,0.1633,0.1633,0.5102,0.5102,0.5102,0.5102,0.5102,0.5102,0.5102,0.5102,0.5102,0.3061,0.3061,0.3061,0.6939,0.6939,0.6939,0.8776,0.8776,0.8776,0.5306,0.5306,0.5306,0.1339,0.1339,0.1339,2.5421,2.5421,0.5102,0.5102,0.5102,0.5102,1.7156,1.7156,0.383,0.383,0.383,0.383,1.0,1.0,0.5789,1.0,1.0,0.5789,1.0,1.0,0.5965,1.0,1.0,0.5789,1.0,1.0,0.5789,5.0,5.0,0.5965,1.0,1.0,0.5351,1.0,1.0,0.5175,1.0,1.0,0.5789,1.0,1.0,0.5263,1.0,1.0,0.5789,5.0,5.0,0.5877,1.0,1.0,0.5789,1.0,1.0,0.5789,0.0,0.0,0.2368,1.0,1.0,0.8684,1.0,1.0,0.5789,1.0,1.0,0.5877,0.0,0.0,0.3684,3.0,3.0,0.5175,14.0,14.0,0.5351
66,45600,5145,1785,1393,689.0,195.0,51.0,167.0,83.0,268.0,694.0,543,324,307,350,340,671.0,53,98,524.0,127.0,139.0,168.0,84.0,953.0,82.0,120.0,221.0,5.0,99.0,81.0,79.0,700,15.6,9.9,6.3,20.5,2.9,9.4,15.9,10.6,6.3,6.0,6.8,6.6,100.0,,3.8,7.0,12.7,6.1,6.7,8.1,4.0,100.0,4.6,6.7,12.4,0.3,7.1,5.8,5.7,13.6,,5145,1785,1785,0.9298,1393,1393,0.8947,689.0,689.0,0.7059,195.0,195.0,0.9314,218.0,218.0,0.9804,351.0,351.0,0.8627,694.0,694.0,0.7843,543,543,0.9123,1321.0,1321.0,0.9123,671.0,671.0,0.9608,151.0,151.0,0.8596,1042.0,1042.0,0.6863,953.0,953.0,0.6863,423.0,423.0,0.9608,5.0,5.0,0.6569,180.0,180.0,0.7157,79.0,79.0,0.9608,700,700,0.9825,15.6,15.6,0.2449,9.9,9.9,0.4184,26.8,26.8,0.9362,12.3,12.3,0.2449,15.9,15.9,0.3878,10.6,10.6,0.4732,25.700000000000003,25.700000000000003,0.1607,100.0,100.0,0.5102,10.8,10.8,0.4273,37.599999999999994,37.599999999999994,0.4184,100.0,100.0,0.5102,23.700000000000003,23.700000000000003,0.8571,0.3,0.3,0.3265,12.899999999999999,12.899999999999999,0.1837,5.7,5.7,0.6633,13.6,13.6,0.9286,0.2449,0.2449,0.2449,0.4184,0.4184,0.4184,0.9362,0.9362,0.9362,0.2449,0.2449,0.2449,0.3878,0.3878,0.3878,2.2321999999999997,2.2321999999999997,0.383,0.383,0.383,0.383,0.4732,0.4732,0.4732,0.1607,0.1607,0.1607,0.5102,0.5102,0.5102,0.4273,0.4273,0.4273,0.4184,0.4184,0.4184,1.9897999999999998,1.9897999999999998,0.1429,0.1429,0.1429,0.1429,0.5102,0.5102,0.5102,0.5102,0.5102,0.5102,0.5102,0.5102,0.5102,0.8571,0.8571,0.8571,0.3265,0.3265,0.3265,0.1837,0.1837,0.1837,0.6633,0.6633,0.6633,0.9286,0.9286,0.9286,2.9591999999999996,2.9591999999999996,0.6531,0.6531,0.6531,0.6531,1.6892,1.6892,0.3617,0.3617,0.3617,0.3617,1.0,1.0,0.5789,1.0,1.0,0.5789,1.0,1.0,0.5965,1.0,1.0,0.5789,1.0,1.0,0.5789,5.0,5.0,0.5965,1.0,1.0,0.5351,1.0,1.0,0.5175,1.0,1.0,0.5789,1.0,1.0,0.5263,1.0,1.0,0.5789,5.0,5.0,0.5877,1.0,1.0,0.5789,1.0,1.0,0.5789,1.0,1.0,0.7368,0.0,0.0,0.3684,1.0,1.0,0.5789,1.0,1.0,0.5877,1.0,1.0,0.8684,4.0,4.0,0.8333,15.0,15.0,0.8509
66,47800,4653,1578,1230,900.0,172.0,33.0,108.0,173.0,273.0,1052.0,470,299,296,372,395,498.0,42,81,1250.0,55.0,883.0,270.0,30.0,2258.0,24.0,22.0,41.0,2.0,155.0,92.0,29.0,21,19.6,8.5,4.6,15.2,6.1,9.6,23.4,10.1,6.4,6.4,8.0,8.5,100.0,,3.4,6.6,29.0,1.9,30.7,9.4,1.0,100.0,1.5,1.4,2.6,0.1,12.7,7.5,2.4,0.5,,4653,1578,1578,0.8596,1230,1230,0.8596,900.0,900.0,0.902,172.0,172.0,0.8039,141.0,141.0,0.8922,446.0,446.0,0.9412,1052.0,1052.0,0.9412,470,470,0.8421,1362.0,1362.0,0.9474,498.0,498.0,0.7647,123.0,123.0,0.7719,2488.0,2488.0,0.9412,2258.0,2258.0,0.9412,87.0,87.0,0.7255,2.0,2.0,0.4412,247.0,247.0,0.8824,29.0,29.0,0.5882,21,21,0.7193,19.6,19.6,0.449,8.5,8.5,0.2551,19.799999999999997,19.799999999999997,0.5745,15.7,15.7,0.6327,23.4,23.4,0.8776,10.1,10.1,0.3661,29.3,29.3,0.3661,100.0,100.0,0.5102,10.0,10.0,0.3091,72.0,72.0,0.9388,100.0,100.0,0.5102,5.5,5.5,0.6122,0.1,0.1,0.1939,20.2,20.2,0.5714,2.4,2.4,0.2245,0.5,0.5,0.6161,0.449,0.449,0.449,0.2551,0.2551,0.2551,0.5745,0.5745,0.5745,0.6327,0.6327,0.6327,0.8776,0.8776,0.8776,2.7889,2.7889,0.5745,0.5745,0.5745,0.5745,0.3661,0.3661,0.3661,0.3661,0.3661,0.3661,0.5102,0.5102,0.5102,0.3091,0.3091,0.3091,0.9388,0.9388,0.9388,2.4903,2.4903,0.3469,0.3469,0.3469,0.3469,0.5102,0.5102,0.5102,0.5102,0.5102,0.5102,0.5102,0.5102,0.5102,0.6122,0.6122,0.6122,0.1939,0.1939,0.1939,0.5714,0.5714,0.5714,0.2245,0.2245,0.2245,0.6161,0.6161,0.6161,2.2180999999999997,2.2180999999999997,0.3265,0.3265,0.3265,0.3265,1.7581,1.7581,0.4255,0.4255,0.4255,0.4255,1.0,1.0,0.5789,1.0,1.0,0.5789,1.0,1.0,0.5965,1.0,1.0,0.5789,1.0,1.0,0.5789,5.0,5.0,0.5965,1.0,1.0,0.5351,1.0,1.0,0.5175,1.0,1.0,0.5789,1.0,1.0,0.5263,1.0,1.0,0.5789,5.0,5.0,0.5877,1.0,1.0,0.5789,1.0,1.0,0.5789,1.0,1.0,0.7368,0.0,0.0,0.3684,1.0,1.0,0.5789,1.0,1.0,0.5877,0.0,0.0,0.3684,3.0,3.0,0.5175,14.0,14.0,0.5351
66,49500,1538,451,396,417.0,76.0,10.0,53.0,49.0,143.0,218.0,169,116,122,151,131,238.0,14,55,123.0,60.0,12.0,48.0,2.0,184.0,1.0,17.0,0.0,3.0,49.0,42.0,36.0,1,27.2,14.3,3.8,20.2,5.5,16.1,14.3,11.0,7.5,7.9,9.8,8.5,100.0,,3.5,13.9,8.7,8.4,1.7,6.7,0.3,100.0,0.2,3.8,0.0,0.7,12.4,10.6,9.1,0.1,,1538,451,451,0.3509,396,396,0.3509,417.0,417.0,0.451,76.0,76.0,0.4314,63.0,63.0,0.4314,192.0,192.0,0.451,218.0,218.0,0.3529,169,169,0.386,520.0,520.0,0.386,238.0,238.0,0.3922,69.0,69.0,0.5088,245.0,245.0,0.3333,184.0,184.0,0.3137,18.0,18.0,0.5294,3.0,3.0,0.5294,91.0,91.0,0.4314,36.0,36.0,0.7255,1,1,0.2807,27.2,27.2,0.8367,14.3,14.3,0.9388,24.0,24.0,0.8511,21.6,21.6,0.898,14.3,14.3,0.3469,11.0,11.0,0.5714,33.7,33.7,0.7679,100.0,100.0,0.5102,17.4,17.4,0.8727,25.8,25.8,0.2245,100.0,100.0,0.5102,4.0,4.0,0.5816,0.7,0.7,0.6224,23.0,23.0,0.7653,9.1,9.1,0.9286,0.1,0.1,0.3125,0.8367,0.8367,0.8367,0.9388,0.9388,0.9388,0.8511,0.8511,0.8511,0.898,0.898,0.898,0.3469,0.3469,0.3469,3.8715,3.8715,0.9574,0.9574,0.9574,0.9574,0.5714,0.5714,0.5714,0.7679,0.7679,0.7679,0.5102,0.5102,0.5102,0.8727,0.8727,0.8727,0.2245,0.2245,0.2245,2.9467,2.9467,0.7959,0.7959,0.7959,0.7959,0.5102,0.5102,0.5102,0.5102,0.5102,0.5102,0.5102,0.5102,0.5102,0.5816,0.5816,0.5816,0.6224,0.6224,0.6224,0.7653,0.7653,0.7653,0.9286,0.9286,0.9286,0.3125,0.3125,0.3125,3.2104,3.2104,0.8571,0.8571,0.8571,0.8571,3.1206,3.1206,0.9149,0.9149,0.9149,0.9149,1.0,1.0,0.5789,1.0,1.0,0.5789,1.0,1.0,0.5965,1.0,1.0,0.5789,1.0,1.0,0.5789,5.0,5.0,0.5965,1.0,1.0,0.5351,1.0,1.0,0.5175,1.0,1.0,0.5789,1.0,1.0,0.5263,1.0,1.0,0.5789,5.0,5.0,0.5877,1.0,1.0,0.5789,1.0,1.0,0.5789,1.0,1.0,0.7368,0.0,0.0,0.3684,1.0,1.0,0.5789,1.0,1.0,0.5877,0.0,0.0,0.3684,3.0,3.0,0.5175,14.0,14.0,0.5351
66,50500,2998,1047,905,486.0,109.0,29.0,105.0,108.0,147.0,616.0,384,163,194,206,252,411.0,13,75,746.0,30.0,444.0,78.0,185.0,1509.0,66.0,25.0,56.0,32.0,92.0,31.0,28.0,0,16.3,7.3,5.2,18.7,5.5,7.4,20.8,12.8,5.4,6.5,6.9,8.4,100.0,,1.4,8.3,26.4,1.6,23.9,4.2,10.0,100.0,6.3,2.4,5.4,3.1,10.2,3.4,3.1,0.0,,2998,1047,1047,0.6316,905,905,0.614,486.0,486.0,0.4902,109.0,109.0,0.5098,134.0,134.0,0.8627,255.0,255.0,0.6078,616.0,616.0,0.7451,384,384,0.7193,815.0,815.0,0.4912,411.0,411.0,0.6078,88.0,88.0,0.5439,1483.0,1483.0,0.8235,1509.0,1509.0,0.8039,147.0,147.0,0.8039,32.0,32.0,0.9412,123.0,123.0,0.4902,28.0,28.0,0.5392,0,0,0.1404,16.3,16.3,0.2857,7.3,7.3,0.1633,23.9,23.9,0.8191,12.9,12.9,0.3673,20.8,20.8,0.7347,12.8,12.8,0.7321,27.200000000000003,27.200000000000003,0.25,100.0,100.0,0.5102,9.700000000000001,9.700000000000001,0.2364,66.1,66.1,0.8163,100.0,100.0,0.5102,14.1,14.1,0.7551,3.1,3.1,0.9796,13.6,13.6,0.2041,3.1,3.1,0.3367,0.0,0.0,0.1339,0.2857,0.2857,0.2857,0.1633,0.1633,0.1633,0.8191,0.8191,0.8191,0.3673,0.3673,0.3673,0.7347,0.7347,0.7347,2.3701,2.3701,0.4255,0.4255,0.4255,0.4255,0.7321,0.7321,0.7321,0.25,0.25,0.25,0.5102,0.5102,0.5102,0.2364,0.2364,0.2364,0.8163,0.8163,0.8163,2.545,2.545,0.4082,0.4082,0.4082,0.4082,0.5102,0.5102,0.5102,0.5102,0.5102,0.5102,0.5102,0.5102,0.5102,0.7551,0.7551,0.7551,0.9796,0.9796,0.9796,0.2041,0.2041,0.2041,0.3367,0.3367,0.3367,0.1339,0.1339,0.1339,2.4094,2.4094,0.4286,0.4286,0.4286,0.4286,1.7725,1.7725,0.4468,0.4468,0.4468,0.4468,1.0,1.0,0.5789,1.0,1.0,0.5789,1.0,1.0,0.5965,1.0,1.0,0.5789,1.0,1.0,0.5789,5.0,5.0,0.5965,1.0,1.0,0.5351,1.0,1.0,0.5175,1.0,1.0,0.5789,1.0,1.0,0.5263,1.0,1.0,0.5789,5.0,5.0,0.5877,1.0,1.0,0.5789,1.0,1.0,0.5789,1.0,1.0,0.7368,1.0,1.0,0.8684,1.0,1.0,0.5789,1.0,1.0,0.5877,0.0,0.0,0.3684,4.0,4.0,0.8333,15.0,15.0,0.8509
66,50800,3123,1173,949,816.0,158.0,18.0,64.0,72.0,216.0,561.0,362,222,256,259,260,464.0,42,128,651.0,135.0,211.0,224.0,74.0,859.0,149.0,113.0,32.0,6.0,104.0,68.0,61.0,32,26.5,12.1,4.6,16.5,3.9,11.6,18.4,11.6,7.1,8.2,8.3,8.3,100.0,,4.4,13.5,22.8,8.6,13.5,14.3,4.7,100.0,12.7,9.6,2.7,0.5,11.0,7.2,6.4,1.0,,3123,1173,1173,0.7193,949,949,0.6842,816.0,816.0,0.8431,158.0,158.0,0.6863,82.0,82.0,0.5686,288.0,288.0,0.6863,561.0,561.0,0.6667,362,362,0.6491,997.0,997.0,0.6667,464.0,464.0,0.7059,170.0,170.0,0.9298,1295.0,1295.0,0.7059,859.0,859.0,0.6471,294.0,294.0,0.9216,6.0,6.0,0.7255,172.0,172.0,0.6667,61.0,61.0,0.8824,32,32,0.7895,26.5,26.5,0.7755,12.1,12.1,0.7551,21.1,21.1,0.6809,15.5,15.5,0.6122,18.4,18.4,0.6122,11.6,11.6,0.6429,31.900000000000002,31.900000000000002,0.6964,100.0,100.0,0.5102,17.9,17.9,0.9091,63.900000000000006,63.900000000000006,0.7959,100.0,100.0,0.5102,24.999999999999996,24.999999999999996,0.8776,0.5,0.5,0.5306,18.2,18.2,0.4286,6.4,6.4,0.7347,1.0,1.0,0.7589,0.7755,0.7755,0.7755,0.7551,0.7551,0.7551,0.6809,0.6809,0.6809,0.6122,0.6122,0.6122,0.6122,0.6122,0.6122,3.4359,3.4359,0.8511,0.8511,0.8511,0.8511,0.6429,0.6429,0.6429,0.6964,0.6964,0.6964,0.5102,0.5102,0.5102,0.9091,0.9091,0.9091,0.7959,0.7959,0.7959,3.5545000000000004,3.5545000000000004,1.0,1.0,1.0,1.0,0.5102,0.5102,0.5102,0.5102,0.5102,0.5102,0.5102,0.5102,0.5102,0.8776,0.8776,0.8776,0.5306,0.5306,0.5306,0.4286,0.4286,0.4286,0.7347,0.7347,0.7347,0.7589,0.7589,0.7589,3.3304,3.3304,0.9184,0.9184,0.9184,0.9184,3.2797,3.2797,0.9787,0.9787,0.9787,0.9787,1.0,1.0,0.5789,1.0,1.0,0.5789,1.0,1.0,0.5965,1.0,1.0,0.5789,1.0,1.0,0.5789,5.0,5.0,0.5965,1.0,1.0,0.5351,1.0,1.0,0.5175,1.0,1.0,0.5789,1.0,1.0,0.5263,1.0,1.0,0.5789,5.0,5.0,0.5877,1.0,1.0,0.5789,1.0,1.0,0.5789,1.0,1.0,0.7368,0.0,0.0,0.3684,1.0,1.0,0.5789,1.0,1.0,0.5877,1.0,1.0,0.8684,4.0,4.0,0.8333,15.0,15.0,0.8509
66,52200,57,0,0,0.0,0.0,0.0,0.0,0.0,0.0,0.0,0,0,0,0,9,0.0,0,0,0.0,0.0,0.0,0.0,0.0,0.0,0.0,0.0,0.0,0.0,0.0,0.0,0.0,57,,,,,,,,0.0,0.0,0.0,0.0,15.8,,,,,,,,,,,,,,,,,,100.0,,57,0,0,0.0263,0,0,0.0263,0.0,0.0,0.0294,0.0,0.0,0.0294,0.0,0.0,0.049,0.0,0.0,0.0294,0.0,0.0,0.0294,0,0,0.0263,9.0,9.0,0.0351,0.0,0.0,0.0294,0.0,0.0,0.0263,0.0,0.0,0.0294,0.0,0.0,0.0294,0.0,0.0,0.0882,0.0,0.0,0.0882,0.0,0.0,0.0294,0.0,0.0,0.0294,57,57,0.8596,,,,,,,,,,,,,,,,0.0,0.0,0.0179,15.8,15.8,0.0536,,,,,,,,,,,,,,,,,,,,,,,,,100.0,100.0,1.0,,,,,,,,,,,,,,,,,,,,,,0.0179,0.0179,0.0179,0.0536,0.0536,0.0536,,,,,,,,,,,,,,,,,,,,,,,,,,,,,,,,,,,,,1.0,1.0,1.0,,,,,,,,,,,,,0.0,0.0,0.0789,0.0,0.0,0.0789,0.0,0.0,0.0965,0.0,0.0,0.0789,0.0,0.0,0.0789,0.0,0.0,0.0789,0.0,0.0,0.0351,1.0,1.0,0.5175,0.0,0.0,0.0789,0.0,0.0,0.0263,0.0,0.0,0.0789,1.0,1.0,0.0351,0.0,0.0,0.0789,0.0,0.0,0.0789,0.0,0.0,0.2368,0.0,0.0,0.3684,0.0,0.0,0.0789,0.0,0.0,0.0877,1.0,1.0,0.8684,1.0,1.0,0.114,2.0,2.0,0.0351
66,52500,845,328,257,71.0,41.0,5.0,24.0,6.0,25.0,109.0,103,65,63,59,66,84.0,8,16,47.0,6.0,14.0,5.0,10.0,156.0,4.0,36.0,72.0,2.0,18.0,8.0,1.0,0,8.4,10.3,3.5,16.9,1.2,4.8,13.4,12.2,7.7,7.5,7.0,7.8,100.0,,3.1,6.2,6.0,2.1,4.9,1.7,3.5,100.0,1.2,11.0,22.0,0.6,7.0,3.1,0.4,0.0,,845,328,328,0.2632,257,257,0.2456,71.0,71.0,0.1176,41.0,41.0,0.2549,29.0,29.0,0.2647,31.0,31.0,0.1176,109.0,109.0,0.1961,103,103,0.2632,253.0,253.0,0.2105,84.0,84.0,0.1569,24.0,24.0,0.1754,82.0,82.0,0.1176,156.0,156.0,0.2941,112.0,112.0,0.7647,2.0,2.0,0.4412,26.0,26.0,0.1373,1.0,1.0,0.0686,0,0,0.1404,8.4,8.4,0.0204,10.3,10.3,0.5306,20.4,20.4,0.6383,6.0,6.0,0.0204,13.4,13.4,0.1837,12.2,12.2,0.6964,30.0,30.0,0.4286,100.0,100.0,0.5102,9.3,9.3,0.2091,18.2,18.2,0.0612,100.0,100.0,0.5102,34.2,34.2,0.9184,0.6,0.6,0.5918,10.1,10.1,0.0816,0.4,0.4,0.0204,0.0,0.0,0.1339,0.0204,0.0204,0.0204,0.5306,0.5306,0.5306,0.6383,0.6383,0.6383,0.0204,0.0204,0.0204,0.1837,0.1837,0.1837,1.3933999999999997,1.3933999999999997,0.1489,0.1489,0.1489,0.1489,0.6964,0.6964,0.6964,0.4286,0.4286,0.4286,0.5102,0.5102,0.5102,0.2091,0.2091,0.2091,0.0612,0.0612,0.0612,1.9055,1.9055,0.0816,0.0816,0.0816,0.0816,0.5102,0.5102,0.5102,0.5102,0.5102,0.5102,0.5102,0.5102,0.5102,0.9184,0.9184,0.9184,0.5918,0.5918,0.5918,0.0816,0.0816,0.0816,0.0204,0.0204,0.0204,0.1339,0.1339,0.1339,1.7461,1.7461,0.1633,0.1633,0.1633,0.1633,0.904,0.904,0.1064,0.1064,0.1064,0.1064,1.0,1.0,0.5789,1.0,1.0,0.5789,1.0,1.0,0.5965,1.0,1.0,0.5789,1.0,1.0,0.5789,5.0,5.0,0.5965,1.0,1.0,0.5351,1.0,1.0,0.5175,1.0,1.0,0.5789,1.0,1.0,0.5263,1.0,1.0,0.5789,5.0,5.0,0.5877,1.0,1.0,0.5789,1.0,1.0,0.5789,1.0,1.0,0.7368,0.0,0.0,0.3684,1.0,1.0,0.5789,0.0,0.0,0.0877,0.0,0.0,0.3684,2.0,2.0,0.2456,13.0,13.0,0.2544
66,52750,123,59,38,20.0,1.0,0.0,2.0,2.0,12.0,19.0,14,5,10,11,11,16.0,1,6,19.0,7.0,7.0,5.0,0.0,26.0,1.0,0.0,1.0,1.0,1.0,2.0,1.0,0,16.8,1.9,0.0,28.6,2.5,15.0,16.4,11.4,4.1,8.1,8.9,8.9,100.0,,2.6,15.8,16.7,11.7,11.7,8.3,0.0,100.0,1.8,0.0,1.8,1.8,2.8,5.6,2.8,0.0,,123,59,59,0.0526,38,38,0.0526,20.0,20.0,0.0588,1.0,1.0,0.0588,2.0,2.0,0.098,14.0,14.0,0.0882,19.0,19.0,0.0784,14,14,0.0702,37.0,37.0,0.0526,16.0,16.0,0.0784,7.0,7.0,0.0526,38.0,38.0,0.0784,26.0,26.0,0.0784,2.0,2.0,0.3529,1.0,1.0,0.2843,3.0,3.0,0.0588,1.0,1.0,0.0686,0,0,0.1404,16.8,16.8,0.3469,1.9,1.9,0.0204,28.6,28.6,1.0,17.5,17.5,0.7959,16.4,16.4,0.449,11.4,11.4,0.5982,30.0,30.0,0.4286,100.0,100.0,0.5102,18.400000000000002,18.400000000000002,0.9636,48.39999999999999,48.39999999999999,0.5102,100.0,100.0,0.5102,3.6,3.6,0.551,1.8,1.8,0.8265,8.399999999999999,8.399999999999999,0.0408,2.8,2.8,0.2959,0.0,0.0,0.1339,0.3469,0.3469,0.3469,0.0204,0.0204,0.0204,1.0,1.0,1.0,0.7959,0.7959,0.7959,0.449,0.449,0.449,2.6121999999999996,2.6121999999999996,0.4681,0.4681,0.4681,0.4681,0.5982,0.5982,0.5982,0.4286,0.4286,0.4286,0.5102,0.5102,0.5102,0.9636,0.9636,0.9636,0.5102,0.5102,0.5102,3.0107999999999997,3.0107999999999997,0.8571,0.8571,0.8571,0.8571,0.5102,0.5102,0.5102,0.5102,0.5102,0.5102,0.5102,0.5102,0.5102,0.551,0.551,0.551,0.8265,0.8265,0.8265,0.0408,0.0408,0.0408,0.2959,0.2959,0.2959,0.1339,0.1339,0.1339,1.8480999999999999,1.8480999999999999,0.1837,0.1837,0.1837,0.1837,2.0191,2.0191,0.5745,0.5745,0.5745,0.5745,1.0,1.0,0.5789,1.0,1.0,0.5789,1.0,1.0,0.5965,1.0,1.0,0.5789,1.0,1.0,0.5789,5.0,5.0,0.5965,1.0,1.0,0.5351,1.0,1.0,0.5175,1.0,1.0,0.5789,1.0,1.0,0.5263,1.0,1.0,0.5789,5.0,5.0,0.5877,1.0,1.0,0.5789,1.0,1.0,0.5789,1.0,1.0,0.7368,1.0,1.0,0.8684,1.0,1.0,0.5789,1.0,1.0,0.5877,0.0,0.0,0.3684,4.0,4.0,0.8333,15.0,15.0,0.8509
66,53000,3997,1372,1051,653.0,153.0,25.0,93.0,109.0,184.0,787.0,416,283,309,325,332,493.0,37,72,842.0,30.0,655.0,143.0,12.0,1627.0,0.0,0.0,0.0,6.0,145.0,78.0,17.0,2,16.5,8.7,3.6,13.2,4.5,7.5,20.3,10.4,7.1,7.7,8.1,8.3,100.0,,3.5,6.9,22.8,1.4,30.2,6.6,0.6,100.0,0.0,0.0,0.0,0.4,13.9,7.5,1.6,0.1,,3997,1372,1372,0.8421,1051,1051,0.7895,653.0,653.0,0.6667,153.0,153.0,0.6471,118.0,118.0,0.7549,293.0,293.0,0.7255,787.0,787.0,0.8627,416,416,0.7895,1249.0,1249.0,0.8772,493.0,493.0,0.7451,109.0,109.0,0.6842,1682.0,1682.0,0.8431,1627.0,1627.0,0.8431,0.0,0.0,0.0882,6.0,6.0,0.7255,223.0,223.0,0.8627,17.0,17.0,0.3922,2,2,0.307,16.5,16.5,0.3061,8.7,8.7,0.2857,16.8,16.8,0.2447,12.0,12.0,0.2245,20.3,20.3,0.7143,10.4,10.4,0.4196,31.2,31.2,0.5893,100.0,100.0,0.5102,10.4,10.4,0.3818,61.6,61.6,0.7551,100.0,100.0,0.5102,0.0,0.0,0.0714,0.4,0.4,0.4184,21.4,21.4,0.6327,1.6,1.6,0.102,0.1,0.1,0.3125,0.3061,0.3061,0.3061,0.2857,0.2857,0.2857,0.2447,0.2447,0.2447,0.2245,0.2245,0.2245,0.7143,0.7143,0.7143,1.7753,1.7753,0.234,0.234,0.234,0.234,0.4196,0.4196,0.4196,0.5893,0.5893,0.5893,0.5102,0.5102,0.5102,0.3818,0.3818,0.3818,0.7551,0.7551,0.7551,2.656,2.656,0.4898,0.4898,0.4898,0.4898,0.5102,0.5102,0.5102,0.5102,0.5102,0.5102,0.5102,0.5102,0.5102,0.0714,0.0714,0.0714,0.4184,0.4184,0.4184,0.6327,0.6327,0.6327,0.102,0.102,0.102,0.3125,0.3125,0.3125,1.5370000000000001,1.5370000000000001,0.102,0.102,0.102,0.102,1.336,1.336,0.1915,0.1915,0.1915,0.1915,1.0,1.0,0.5789,1.0,1.0,0.5789,1.0,1.0,0.5965,1.0,1.0,0.5789,1.0,1.0,0.5789,5.0,5.0,0.5965,1.0,1.0,0.5351,1.0,1.0,0.5175,1.0,1.0,0.5789,1.0,1.0,0.5263,1.0,1.0,0.5789,5.0,5.0,0.5877,1.0,1.0,0.5789,1.0,1.0,0.5789,0.0,0.0,0.2368,0.0,0.0,0.3684,1.0,1.0,0.5789,1.0,1.0,0.5877,0.0,0.0,0.3684,2.0,2.0,0.2456,13.0,13.0,0.2544
66,54800,1808,893,667,227.0,69.0,16.0,54.0,54.0,47.0,270.0,277,67,90,119,115,202.0,18,13,360.0,7.0,96.0,39.0,197.0,779.0,20.0,73.0,256.0,0.0,27.0,18.0,23.0,30,12.8,8.5,5.0,16.9,4.2,3.7,16.5,15.3,3.7,5.0,6.6,6.4,100.0,,2.7,1.9,21.1,0.7,9.5,3.9,19.5,100.0,2.2,8.2,28.7,0.0,4.1,2.7,3.5,1.7,,1808,893,893,0.5789,667,667,0.5439,227.0,227.0,0.2941,69.0,69.0,0.4118,70.0,70.0,0.4804,101.0,101.0,0.2941,270.0,270.0,0.4118,277,277,0.5439,391.0,391.0,0.3158,202.0,202.0,0.3529,31.0,31.0,0.2018,699.0,699.0,0.549,779.0,779.0,0.6078,349.0,349.0,0.9412,0.0,0.0,0.0882,45.0,45.0,0.2745,23.0,23.0,0.451,30,30,0.7719,12.8,12.8,0.102,8.5,8.5,0.2551,21.9,21.9,0.766,7.9,7.9,0.0408,16.5,16.5,0.4694,15.3,15.3,0.9196,21.7,21.7,0.0714,100.0,100.0,0.5102,4.6,4.6,0.0727,54.7,54.7,0.5918,100.0,100.0,0.5102,39.099999999999994,39.099999999999994,0.9592,0.0,0.0,0.0714,6.8,6.8,0.0204,3.5,3.5,0.449,1.7,1.7,0.8214,0.102,0.102,0.102,0.2551,0.2551,0.2551,0.766,0.766,0.766,0.0408,0.0408,0.0408,0.4694,0.4694,0.4694,1.6333,1.6333,0.1915,0.1915,0.1915,0.1915,0.9196,0.9196,0.9196,0.0714,0.0714,0.0714,0.5102,0.5102,0.5102,0.0727,0.0727,0.0727,0.5918,0.5918,0.5918,2.1656999999999997,2.1656999999999997,0.2041,0.2041,0.2041,0.2041,0.5102,0.5102,0.5102,0.5102,0.5102,0.5102,0.5102,0.5102,0.5102,0.9592,0.9592,0.9592,0.0714,0.0714,0.0714,0.0204,0.0204,0.0204,0.449,0.449,0.449,0.8214,0.8214,0.8214,2.3214,2.3214,0.3673,0.3673,0.3673,0.3673,1.2731,1.2731,0.1489,0.1489,0.1489,0.1489,1.0,1.0,0.5789,1.0,1.0,0.5789,1.0,1.0,0.5965,1.0,1.0,0.5789,1.0,1.0,0.5789,5.0,5.0,0.5965,1.0,1.0,0.5351,1.0,1.0,0.5175,1.0,1.0,0.5789,1.0,1.0,0.5263,1.0,1.0,0.5789,5.0,5.0,0.5877,1.0,1.0,0.5789,1.0,1.0,0.5789,1.0,1.0,0.7368,0.0,0.0,0.3684,1.0,1.0,0.5789,1.0,1.0,0.5877,1.0,1.0,0.8684,4.0,4.0,0.8333,15.0,15.0,0.8509
66,55350,3238,991,952,533.0,155.0,29.0,89.0,52.0,204.0,438.0,344,223,254,272,264,432.0,49,84,344.0,76.0,136.0,71.0,57.0,711.0,19.0,133.0,54.0,3.0,115.0,70.0,35.0,5,16.6,10.6,4.8,14.8,2.6,10.4,13.8,10.6,6.9,7.8,8.4,8.2,100.0,,5.1,8.8,11.4,5.7,10.2,5.3,4.3,100.0,1.9,13.4,5.4,0.3,12.1,7.4,3.7,0.2,,3238,991,991,0.614,952,952,0.7018,533.0,533.0,0.549,155.0,155.0,0.6667,118.0,118.0,0.7549,256.0,256.0,0.6373,438.0,438.0,0.549,344,344,0.5965,1013.0,1013.0,0.6842,432.0,432.0,0.6471,133.0,133.0,0.807,684.0,684.0,0.5098,711.0,711.0,0.549,206.0,206.0,0.8824,3.0,3.0,0.5294,185.0,185.0,0.7549,35.0,35.0,0.7059,5,5,0.4211,16.6,16.6,0.3265,10.6,10.6,0.5714,19.6,19.6,0.5319,13.0,13.0,0.3878,13.8,13.8,0.2755,10.6,10.6,0.4732,31.3,31.3,0.6339,100.0,100.0,0.5102,13.9,13.9,0.7091,36.9,36.9,0.3469,100.0,100.0,0.5102,20.700000000000003,20.700000000000003,0.8367,0.3,0.3,0.3265,19.5,19.5,0.5102,3.7,3.7,0.4694,0.2,0.2,0.4375,0.3265,0.3265,0.3265,0.5714,0.5714,0.5714,0.5319,0.5319,0.5319,0.3878,0.3878,0.3878,0.2755,0.2755,0.2755,2.0931,2.0931,0.3191,0.3191,0.3191,0.3191,0.4732,0.4732,0.4732,0.6339,0.6339,0.6339,0.5102,0.5102,0.5102,0.7091,0.7091,0.7091,0.3469,0.3469,0.3469,2.6733000000000002,2.6733000000000002,0.5102,0.5102,0.5102,0.5102,0.5102,0.5102,0.5102,0.5102,0.5102,0.5102,0.5102,0.5102,0.5102,0.8367,0.8367,0.8367,0.3265,0.3265,0.3265,0.5102,0.5102,0.5102,0.4694,0.4694,0.4694,0.4375,0.4375,0.4375,2.5803,2.5803,0.551,0.551,0.551,0.551,1.8904999999999998,1.8904999999999998,0.4681,0.4681,0.4681,0.4681,1.0,1.0,0.5789,1.0,1.0,0.5789,1.0,1.0,0.5965,1.0,1.0,0.5789,1.0,1.0,0.5789,5.0,5.0,0.5965,1.0,1.0,0.5351,1.0,1.0,0.5175,1.0,1.0,0.5789,1.0,1.0,0.5263,1.0,1.0,0.5789,5.0,5.0,0.5877,1.0,1.0,0.5789,1.0,1.0,0.5789,1.0,1.0,0.7368,0.0,0.0,0.3684,1.0,1.0,0.5789,1.0,1.0,0.5877,0.0,0.0,0.3684,3.0,3.0,0.5175,14.0,14.0,0.5351
66,56300,1302,423,366,336.0,61.0,8.0,31.0,33.0,146.0,278.0,137,73,92,99,134,217.0,13,29,241.0,40.0,82.0,101.0,17.0,341.0,1.0,0.0,0.0,5.0,55.0,29.0,21.0,16,26.1,11.5,3.6,13.9,4.2,18.4,21.9,10.5,5.6,7.1,7.6,10.3,100.0,,3.6,7.9,19.9,6.1,12.6,15.5,2.6,100.0,0.2,0.0,0.0,1.2,15.0,7.9,5.7,1.2,,1302,423,423,0.3333,366,366,0.3333,336.0,336.0,0.4314,61.0,61.0,0.3529,39.0,39.0,0.3137,179.0,179.0,0.4314,278.0,278.0,0.4314,137,137,0.3421,398.0,398.0,0.3333,217.0,217.0,0.3725,42.0,42.0,0.386,481.0,481.0,0.451,341.0,341.0,0.4314,1.0,1.0,0.2255,5.0,5.0,0.6569,84.0,84.0,0.4118,21.0,21.0,0.4314,16,16,0.6579,26.1,26.1,0.7347,11.5,11.5,0.6939,17.5,17.5,0.2979,22.599999999999998,22.599999999999998,0.9388,21.9,21.9,0.8265,10.5,10.5,0.4464,30.599999999999998,30.599999999999998,0.5179,100.0,100.0,0.5102,11.5,11.5,0.5273,56.7,56.7,0.6531,100.0,100.0,0.5102,0.2,0.2,0.2245,1.2,1.2,0.7347,22.9,22.9,0.7347,5.7,5.7,0.6633,1.2,1.2,0.7857,0.7347,0.7347,0.7347,0.6939,0.6939,0.6939,0.2979,0.2979,0.2979,0.9388,0.9388,0.9388,0.8265,0.8265,0.8265,3.4917999999999996,3.4917999999999996,0.8723,0.8723,0.8723,0.8723,0.4464,0.4464,0.4464,0.5179,0.5179,0.5179,0.5102,0.5102,0.5102,0.5273,0.5273,0.5273,0.6531,0.6531,0.6531,2.6548999999999996,2.6548999999999996,0.4694,0.4694,0.4694,0.4694,0.5102,0.5102,0.5102,0.5102,0.5102,0.5102,0.5102,0.5102,0.5102,0.2245,0.2245,0.2245,0.7347,0.7347,0.7347,0.7347,0.7347,0.7347,0.6633,0.6633,0.6633,0.7857,0.7857,0.7857,3.1429,3.1429,0.7959,0.7959,0.7959,0.7959,2.6478,2.6478,0.766,0.766,0.766,0.766,1.0,1.0,0.5789,1.0,1.0,0.5789,1.0,1.0,0.5965,1.0,1.0,0.5789,1.0,1.0,0.5789,5.0,5.0,0.5965,1.0,1.0,0.5351,1.0,1.0,0.5175,1.0,1.0,0.5789,1.0,1.0,0.5263,1.0,1.0,0.5789,5.0,5.0,0.5877,1.0,1.0,0.5789,1.0,1.0,0.5789,0.0,0.0,0.2368,1.0,1.0,0.8684,1.0,1.0,0.5789,1.0,1.0,0.5877,1.0,1.0,0.8684,4.0,4.0,0.8333,15.0,15.0,0.8509
66,58600,596,206,171,147.0,37.0,4.0,11.0,13.0,63.0,82.0,62,52,41,45,52,69.0,6,16,45.0,13.0,9.0,21.0,1.0,105.0,7.0,0.0,0.0,1.0,19.0,14.0,14.0,0,24.8,13.8,4.3,12.0,3.6,17.2,14.1,10.4,8.7,6.9,7.6,8.7,100.0,,3.5,9.4,8.3,4.7,3.3,7.7,0.4,100.0,3.4,0.0,0.0,0.5,11.2,8.2,8.2,0.0,,596,206,206,0.0877,171,171,0.0877,147.0,147.0,0.1765,37.0,37.0,0.1863,15.0,15.0,0.1569,76.0,76.0,0.2255,82.0,82.0,0.1176,62,62,0.1404,190.0,190.0,0.1228,69.0,69.0,0.1176,22.0,22.0,0.1404,89.0,89.0,0.1569,105.0,105.0,0.1765,7.0,7.0,0.451,1.0,1.0,0.2843,33.0,33.0,0.1765,14.0,14.0,0.3529,0,0,0.1404,24.8,24.8,0.6939,13.8,13.8,0.898,16.3,16.3,0.1702,20.8,20.8,0.8776,14.1,14.1,0.3163,10.4,10.4,0.4196,31.9,31.9,0.6786,100.0,100.0,0.5102,12.9,12.9,0.6545,24.4,24.4,0.1837,100.0,100.0,0.5102,3.4,3.4,0.5102,0.5,0.5,0.5306,19.4,19.4,0.4898,8.2,8.2,0.898,0.0,0.0,0.1339,0.6939,0.6939,0.6939,0.898,0.898,0.898,0.1702,0.1702,0.1702,0.8776,0.8776,0.8776,0.3163,0.3163,0.3163,2.956,2.956,0.6383,0.6383,0.6383,0.6383,0.4196,0.4196,0.4196,0.6786,0.6786,0.6786,0.5102,0.5102,0.5102,0.6545,0.6545,0.6545,0.1837,0.1837,0.1837,2.4465999999999997,2.4465999999999997,0.3265,0.3265,0.3265,0.3265,0.5102,0.5102,0.5102,0.5102,0.5102,0.5102,0.5102,0.5102,0.5102,0.5102,0.5102,0.5102,0.5306,0.5306,0.5306,0.4898,0.4898,0.4898,0.898,0.898,0.898,0.1339,0.1339,0.1339,2.5625,2.5625,0.5306,0.5306,0.5306,0.5306,2.0056000000000003,2.0056000000000003,0.5532,0.5532,0.5532,0.5532,1.0,1.0,0.5789,1.0,1.0,0.5789,1.0,1.0,0.5965,1.0,1.0,0.5789,1.0,1.0,0.5789,5.0,5.0,0.5965,1.0,1.0,0.5351,1.0,1.0,0.5175,1.0,1.0,0.5789,1.0,1.0,0.5263,1.0,1.0,0.5789,5.0,5.0,0.5877,1.0,1.0,0.5789,1.0,1.0,0.5789,1.0,1.0,0.7368,0.0,0.0,0.3684,1.0,1.0,0.5789,1.0,1.0,0.5877,0.0,0.0,0.3684,3.0,3.0,0.5175,14.0,14.0,0.5351
66,61850,973,279,248,152.0,37.0,6.0,25.0,13.0,66.0,109.0,137,73,78,81,70,141.0,11,23,75.0,38.0,21.0,11.0,5.0,114.0,0.0,0.0,0.0,0.0,31.0,22.0,6.0,0,15.8,9.2,3.3,13.9,2.2,11.1,11.5,14.1,7.5,8.0,8.3,7.2,100.0,,4.4,9.3,8.4,9.7,5.4,2.8,1.3,100.0,0.0,0.0,0.0,0.0,12.6,8.9,2.4,0.0,,973,279,279,0.193,248,248,0.2018,152.0,152.0,0.1961,37.0,37.0,0.1863,31.0,31.0,0.2941,79.0,79.0,0.2549,109.0,109.0,0.1961,137,137,0.3421,302.0,302.0,0.2632,141.0,141.0,0.2941,34.0,34.0,0.2632,150.0,150.0,0.2549,114.0,114.0,0.2157,0.0,0.0,0.0882,0.0,0.0,0.0882,53.0,53.0,0.3137,6.0,6.0,0.1667,0,0,0.1404,15.8,15.8,0.2653,9.2,9.2,0.3469,17.2,17.2,0.2766,13.3,13.3,0.4286,11.5,11.5,0.0408,14.1,14.1,0.8393,31.0,31.0,0.5714,100.0,100.0,0.5102,13.700000000000001,13.700000000000001,0.6909,27.6,27.6,0.2653,100.0,100.0,0.5102,0.0,0.0,0.0714,0.0,0.0,0.0714,21.5,21.5,0.6633,2.4,2.4,0.2245,0.0,0.0,0.1339,0.2653,0.2653,0.2653,0.3469,0.3469,0.3469,0.2766,0.2766,0.2766,0.4286,0.4286,0.4286,0.0408,0.0408,0.0408,1.3582,1.3582,0.1064,0.1064,0.1064,0.1064,0.8393,0.8393,0.8393,0.5714,0.5714,0.5714,0.5102,0.5102,0.5102,0.6909,0.6909,0.6909,0.2653,0.2653,0.2653,2.8771,2.8771,0.6939,0.6939,0.6939,0.6939,0.5102,0.5102,0.5102,0.5102,0.5102,0.5102,0.5102,0.5102,0.5102,0.0714,0.0714,0.0714,0.0714,0.0714,0.0714,0.6633,0.6633,0.6633,0.2245,0.2245,0.2245,0.1339,0.1339,0.1339,1.1644999999999999,1.1644999999999999,0.0408,0.0408,0.0408,0.0408,1.3513,1.3513,0.2128,0.2128,0.2128,0.2128,1.0,1.0,0.5789,1.0,1.0,0.5789,1.0,1.0,0.5965,1.0,1.0,0.5789,1.0,1.0,0.5789,5.0,5.0,0.5965,1.0,1.0,0.5351,1.0,1.0,0.5175,1.0,1.0,0.5789,1.0,1.0,0.5263,1.0,1.0,0.5789,5.0,5.0,0.5877,1.0,1.0,0.5789,1.0,1.0,0.5789,0.0,0.0,0.2368,0.0,0.0,0.3684,1.0,1.0,0.5789,1.0,1.0,0.5877,0.0,0.0,0.3684,2.0,2.0,0.2456,13.0,13.0,0.2544
66,65100,1813,554,516,319.0,93.0,12.0,45.0,35.0,110.0,269.0,242,139,186,131,113,285.0,12,48,146.0,60.0,24.0,48.0,14.0,283.0,9.0,12.0,1.0,0.0,47.0,25.0,30.0,0,17.7,11.8,4.1,15.4,3.1,9.6,15.1,13.3,7.7,10.3,7.2,6.2,100.0,,2.3,9.3,8.8,7.6,3.1,6.1,1.8,100.0,1.6,2.2,0.2,0.0,9.1,4.9,5.8,0.0,,1813,554,554,0.3684,516,516,0.386,319.0,319.0,0.4118,93.0,93.0,0.451,57.0,57.0,0.3725,145.0,145.0,0.3922,269.0,269.0,0.3922,242,242,0.5088,569.0,569.0,0.4211,285.0,285.0,0.5098,60.0,60.0,0.4649,292.0,292.0,0.3922,283.0,283.0,0.3922,22.0,22.0,0.549,0.0,0.0,0.0882,72.0,72.0,0.3725,30.0,30.0,0.6471,0,0,0.1404,17.7,17.7,0.3673,11.8,11.8,0.7347,19.5,19.5,0.5,12.7,12.7,0.3163,15.1,15.1,0.3673,13.3,13.3,0.8214,31.4,31.4,0.6607,100.0,100.0,0.5102,11.600000000000001,11.600000000000001,0.5636,27.400000000000002,27.400000000000002,0.2449,100.0,100.0,0.5102,4.0,4.0,0.5816,0.0,0.0,0.0714,14.0,14.0,0.2245,5.8,5.8,0.6939,0.0,0.0,0.1339,0.3673,0.3673,0.3673,0.7347,0.7347,0.7347,0.5,0.5,0.5,0.3163,0.3163,0.3163,0.3673,0.3673,0.3673,2.2856,2.2856,0.4043,0.4043,0.4043,0.4043,0.8214,0.8214,0.8214,0.6607,0.6607,0.6607,0.5102,0.5102,0.5102,0.5636,0.5636,0.5636,0.2449,0.2449,0.2449,2.8007999999999997,2.8007999999999997,0.5918,0.5918,0.5918,0.5918,0.5102,0.5102,0.5102,0.5102,0.5102,0.5102,0.5102,0.5102,0.5102,0.5816,0.5816,0.5816,0.0714,0.0714,0.0714,0.2245,0.2245,0.2245,0.6939,0.6939,0.6939,0.1339,0.1339,0.1339,1.7053,1.7053,0.1429,0.1429,0.1429,0.1429,1.6492,1.6492,0.3404,0.3404,0.3404,0.3404,1.0,1.0,0.5789,1.0,1.0,0.5789,1.0,1.0,0.5965,1.0,1.0,0.5789,1.0,1.0,0.5789,5.0,5.0,0.5965,1.0,1.0,0.5351,1.0,1.0,0.5175,1.0,1.0,0.5789,1.0,1.0,0.5263,1.0,1.0,0.5789,5.0,5.0,0.5877,1.0,1.0,0.5789,1.0,1.0,0.5789,1.0,1.0,0.7368,0.0,0.0,0.3684,1.0,1.0,0.5789,1.0,1.0,0.5877,0.0,0.0,0.3684,3.0,3.0,0.5175,14.0,14.0,0.5351
66,66800,3807,1222,999,558.0,167.0,14.0,71.0,120.0,192.0,771.0,383,251,267,326,318,519.0,32,73,696.0,42.0,496.0,129.0,24.0,1706.0,20.0,4.0,0.0,3.0,128.0,69.0,27.0,10,14.8,9.7,2.4,12.2,5.1,8.2,21.0,10.1,6.6,7.0,8.6,8.4,100.0,,3.2,7.3,19.7,1.8,21.8,5.7,1.1,100.0,1.6,0.3,0.0,0.2,12.9,6.9,2.7,0.3,,3807,1222,1222,0.7719,999,999,0.7193,558.0,558.0,0.6078,167.0,167.0,0.7843,85.0,85.0,0.598,312.0,312.0,0.7451,771.0,771.0,0.8235,383,383,0.7018,1162.0,1162.0,0.807,519.0,519.0,0.8235,105.0,105.0,0.6316,1387.0,1387.0,0.7451,1706.0,1706.0,0.8627,24.0,24.0,0.5882,3.0,3.0,0.5294,197.0,197.0,0.8039,27.0,27.0,0.4902,10,10,0.6053,14.8,14.8,0.1837,9.7,9.7,0.3673,14.6,14.6,0.0745,13.299999999999999,13.299999999999999,0.4082,21.0,21.0,0.7551,10.1,10.1,0.3661,30.6,30.6,0.5446,100.0,100.0,0.5102,10.5,10.5,0.4,50.1,50.1,0.5306,100.0,100.0,0.5102,1.9000000000000001,1.9000000000000001,0.4286,0.2,0.2,0.2755,19.8,19.8,0.551,2.7,2.7,0.2653,0.3,0.3,0.5357,0.1837,0.1837,0.1837,0.3673,0.3673,0.3673,0.0745,0.0745,0.0745,0.4082,0.4082,0.4082,0.7551,0.7551,0.7551,1.7888000000000002,1.7888000000000002,0.2553,0.2553,0.2553,0.2553,0.3661,0.3661,0.3661,0.5446,0.5446,0.5446,0.5102,0.5102,0.5102,0.4,0.4,0.4,0.5306,0.5306,0.5306,2.3514999999999997,2.3514999999999997,0.2653,0.2653,0.2653,0.2653,0.5102,0.5102,0.5102,0.5102,0.5102,0.5102,0.5102,0.5102,0.5102,0.4286,0.4286,0.4286,0.2755,0.2755,0.2755,0.551,0.551,0.551,0.2653,0.2653,0.2653,0.5357,0.5357,0.5357,2.0561,2.0561,0.2653,0.2653,0.2653,0.2653,1.2961,1.2961,0.1702,0.1702,0.1702,0.1702,1.0,1.0,0.5789,1.0,1.0,0.5789,1.0,1.0,0.5965,1.0,1.0,0.5789,1.0,1.0,0.5789,5.0,5.0,0.5965,1.0,1.0,0.5351,1.0,1.0,0.5175,1.0,1.0,0.5789,1.0,1.0,0.5263,1.0,1.0,0.5789,5.0,5.0,0.5877,1.0,1.0,0.5789,1.0,1.0,0.5789,1.0,1.0,0.7368,0.0,0.0,0.3684,1.0,1.0,0.5789,1.0,1.0,0.5877,0.0,0.0,0.3684,3.0,3.0,0.5175,14.0,14.0,0.5351
66,69000,2279,574,541,463.0,115.0,17.0,58.0,35.0,143.0,299.0,225,179,218,235,174,283.0,22,31,130.0,58.0,20.0,40.0,9.0,227.0,0.0,1.0,0.0,3.0,54.0,62.0,30.0,7,20.5,13.3,4.5,15.2,2.7,11.0,13.5,9.9,7.9,9.6,10.3,7.6,100.0,,4.1,5.7,6.2,6.3,2.2,4.3,1.0,100.0,0.0,0.2,0.0,0.5,10.0,11.5,5.6,0.3,,2279,574,574,0.386,541,541,0.4035,463.0,463.0,0.4706,115.0,115.0,0.5294,75.0,75.0,0.5196,178.0,178.0,0.4118,299.0,299.0,0.451,225,225,0.4737,806.0,806.0,0.4737,283.0,283.0,0.4902,53.0,53.0,0.4211,257.0,257.0,0.3529,227.0,227.0,0.3333,1.0,1.0,0.2255,3.0,3.0,0.5294,116.0,116.0,0.4706,30.0,30.0,0.6471,7,7,0.5439,20.5,20.5,0.5102,13.3,13.3,0.8776,19.7,19.7,0.5532,13.7,13.7,0.4898,13.5,13.5,0.2143,9.9,9.9,0.3304,35.4,35.4,0.8929,100.0,100.0,0.5102,9.8,9.8,0.2636,20.0,20.0,0.1224,100.0,100.0,0.5102,0.2,0.2,0.2245,0.5,0.5,0.5306,21.5,21.5,0.6633,5.6,5.6,0.6327,0.3,0.3,0.5357,0.5102,0.5102,0.5102,0.8776,0.8776,0.8776,0.5532,0.5532,0.5532,0.4898,0.4898,0.4898,0.2143,0.2143,0.2143,2.6451,2.6451,0.4894,0.4894,0.4894,0.4894,0.3304,0.3304,0.3304,0.8929,0.8929,0.8929,0.5102,0.5102,0.5102,0.2636,0.2636,0.2636,0.1224,0.1224,0.1224,2.1195,2.1195,0.1837,0.1837,0.1837,0.1837,0.5102,0.5102,0.5102,0.5102,0.5102,0.5102,0.5102,0.5102,0.5102,0.2245,0.2245,0.2245,0.5306,0.5306,0.5306,0.6633,0.6633,0.6633,0.6327,0.6327,0.6327,0.5357,0.5357,0.5357,2.5867999999999998,2.5867999999999998,0.5714,0.5714,0.5714,0.5714,1.7547000000000001,1.7547000000000001,0.4043,0.4043,0.4043,0.4043,1.0,1.0,0.5789,1.0,1.0,0.5789,1.0,1.0,0.5965,1.0,1.0,0.5789,1.0,1.0,0.5789,5.0,5.0,0.5965,1.0,1.0,0.5351,1.0,1.0,0.5175,1.0,1.0,0.5789,1.0,1.0,0.5263,1.0,1.0,0.5789,5.0,5.0,0.5877,1.0,1.0,0.5789,1.0,1.0,0.5789,0.0,0.0,0.2368,0.0,0.0,0.3684,1.0,1.0,0.5789,1.0,1.0,0.5877,0.0,0.0,0.3684,2.0,2.0,0.2456,13.0,13.0,0.2544
66,70950,3892,1855,1493,788.0,187.0,18.0,132.0,80.0,132.0,802.0,513,253,281,295,204,359.0,28,122,932.0,33.0,241.0,142.0,481.0,1877.0,147.0,283.0,497.0,1.0,117.0,56.0,78.0,23,20.4,10.0,3.4,25.2,3.0,5.0,21.3,13.2,6.5,7.2,7.6,5.2,100.0,,1.9,8.2,25.8,1.4,10.0,5.9,19.9,100.0,7.9,15.3,26.8,0.1,7.8,3.8,5.2,0.6,,3892,1855,1855,0.9649,1493,1493,0.9474,788.0,788.0,0.8235,187.0,187.0,0.8824,150.0,150.0,0.9412,212.0,212.0,0.5294,802.0,802.0,0.8824,513,513,0.8772,1033.0,1033.0,0.7193,359.0,359.0,0.5882,150.0,150.0,0.8421,1829.0,1829.0,0.902,1877.0,1877.0,0.902,927.0,927.0,1.0,1.0,1.0,0.2843,173.0,173.0,0.6863,78.0,78.0,0.9412,23,23,0.7368,20.4,20.4,0.4898,10.0,10.0,0.449,28.599999999999998,28.599999999999998,0.9787,8.0,8.0,0.0612,21.3,21.3,0.7755,13.2,13.2,0.8036,26.499999999999996,26.499999999999996,0.1964,100.0,100.0,0.5102,10.1,10.1,0.3364,63.0,63.0,0.7755,100.0,100.0,0.5102,50.0,50.0,0.9796,0.1,0.1,0.1939,11.6,11.6,0.1429,5.2,5.2,0.5714,0.6,0.6,0.6518,0.4898,0.4898,0.4898,0.449,0.449,0.449,0.9787,0.9787,0.9787,0.0612,0.0612,0.0612,0.7755,0.7755,0.7755,2.7542,2.7542,0.5532,0.5532,0.5532,0.5532,0.8036,0.8036,0.8036,0.1964,0.1964,0.1964,0.5102,0.5102,0.5102,0.3364,0.3364,0.3364,0.7755,0.7755,0.7755,2.6221,2.6221,0.449,0.449,0.449,0.449,0.5102,0.5102,0.5102,0.5102,0.5102,0.5102,0.5102,0.5102,0.5102,0.9796,0.9796,0.9796,0.1939,0.1939,0.1939,0.1429,0.1429,0.1429,0.5714,0.5714,0.5714,0.6518,0.6518,0.6518,2.5396,2.5396,0.4796,0.4796,0.4796,0.4796,1.992,1.992,0.5319,0.5319,0.5319,0.5319,1.0,1.0,0.5789,1.0,1.0,0.5789,1.0,1.0,0.5965,1.0,1.0,0.5789,1.0,1.0,0.5789,5.0,5.0,0.5965,1.0,1.0,0.5351,1.0,1.0,0.5175,1.0,1.0,0.5789,1.0,1.0,0.5263,1.0,1.0,0.5789,5.0,5.0,0.5877,1.0,1.0,0.5789,1.0,1.0,0.5789,1.0,1.0,0.7368,0.0,0.0,0.3684,1.0,1.0,0.5789,1.0,1.0,0.5877,0.0,0.0,0.3684,3.0,3.0,0.5175,14.0,14.0,0.5351
66,73550,2443,724,598,706.0,118.0,11.0,35.0,45.0,149.0,387.0,197,277,266,229,172,349.0,20,71,436.0,85.0,101.0,200.0,41.0,609.0,70.0,52.0,14.0,1.0,101.0,53.0,45.0,24,29.4,13.1,4.0,12.8,3.4,11.4,16.3,8.1,11.3,10.9,9.4,7.0,100.0,,3.3,11.9,20.4,7.3,8.6,17.1,3.5,100.0,9.7,7.2,1.9,0.1,16.9,8.9,7.5,1.0,,2443,724,724,0.4561,598,598,0.4737,706.0,706.0,0.7255,118.0,118.0,0.5588,46.0,46.0,0.3333,194.0,194.0,0.4902,387.0,387.0,0.4902,197,197,0.4211,944.0,944.0,0.5614,349.0,349.0,0.5686,91.0,91.0,0.5877,863.0,863.0,0.6471,609.0,609.0,0.5098,136.0,136.0,0.7843,1.0,1.0,0.2843,154.0,154.0,0.5686,45.0,45.0,0.7647,24,24,0.7544,29.4,29.4,0.9388,13.1,13.1,0.8571,16.8,16.8,0.2447,14.8,14.8,0.5714,16.3,16.3,0.4286,8.1,8.1,0.1696,38.6,38.6,0.9643,100.0,100.0,0.5102,15.2,15.2,0.7727,56.9,56.9,0.6735,100.0,100.0,0.5102,18.799999999999997,18.799999999999997,0.8163,0.1,0.1,0.1939,25.799999999999997,25.799999999999997,0.8061,7.5,7.5,0.8571,1.0,1.0,0.7589,0.9388,0.9388,0.9388,0.8571,0.8571,0.8571,0.2447,0.2447,0.2447,0.5714,0.5714,0.5714,0.4286,0.4286,0.4286,3.0406,3.0406,0.6809,0.6809,0.6809,0.6809,0.1696,0.1696,0.1696,0.9643,0.9643,0.9643,0.5102,0.5102,0.5102,0.7727,0.7727,0.7727,0.6735,0.6735,0.6735,3.0903,3.0903,0.898,0.898,0.898,0.898,0.5102,0.5102,0.5102,0.5102,0.5102,0.5102,0.5102,0.5102,0.5102,0.8163,0.8163,0.8163,0.1939,0.1939,0.1939,0.8061,0.8061,0.8061,0.8571,0.8571,0.8571,0.7589,0.7589,0.7589,3.4323,3.4323,0.9592,0.9592,0.9592,0.9592,3.0483000000000002,3.0483000000000002,0.8936,0.8936,0.8936,0.8936,1.0,1.0,0.5789,1.0,1.0,0.5789,1.0,1.0,0.5965,1.0,1.0,0.5789,1.0,1.0,0.5789,5.0,5.0,0.5965,1.0,1.0,0.5351,1.0,1.0,0.5175,1.0,1.0,0.5789,1.0,1.0,0.5263,1.0,1.0,0.5789,5.0,5.0,0.5877,1.0,1.0,0.5789,1.0,1.0,0.5789,1.0,1.0,0.7368,0.0,0.0,0.3684,1.0,1.0,0.5789,1.0,1.0,0.5877,1.0,1.0,0.8684,4.0,4.0,0.8333,15.0,15.0,0.8509
66,75500,2072,1305,1046,,,,,,,,371,81,65,76,58,,19,23,,,,,,,,,,,,,,126,,,,,,,,17.9,3.9,3.1,3.7,2.8,,,1.8,2.2,,,,,,,,,,,,,,6.1,,2072,1305,1305,0.8246,1046,1046,0.7719,,,,,,,,,,,,,,,,371,371,0.6842,280.0,280.0,0.2281,,,,42.0,42.0,0.386,,,,,,,,,,,,,,,,,,,126,126,0.8947,,,,,,,,,,,,,,,,17.9,17.9,1.0,13.5,13.5,0.0179,,,,4.0,4.0,0.0364,,,,,,,,,,,,,,,,,,,6.1,6.1,0.8929,,,,,,,,,,,,,,,,,,,,,,1.0,1.0,1.0,0.0179,0.0179,0.0179,,,,0.0364,0.0364,0.0364,,,,,,,,,,,,,,,,,,,,,,,,,,,,,,,0.8929,0.8929,0.8929,,,,,,,,,,,,,0.0,0.0,0.0789,0.0,0.0,0.0789,0.0,0.0,0.0965,0.0,0.0,0.0789,0.0,0.0,0.0789,0.0,0.0,0.0789,1.0,1.0,0.5351,1.0,1.0,0.5175,0.0,0.0,0.0789,1.0,1.0,0.5263,0.0,0.0,0.0789,3.0,3.0,0.0965,0.0,0.0,0.0789,0.0,0.0,0.0789,0.0,0.0,0.2368,0.0,0.0,0.3684,0.0,0.0,0.0789,0.0,0.0,0.0877,1.0,1.0,0.8684,1.0,1.0,0.114,4.0,4.0,0.1228
66,77200,704,222,193,190.0,31.0,4.0,11.0,40.0,72.0,152.0,83,54,46,53,59,114.0,9,14,143.0,35.0,76.0,15.0,17.0,242.0,0.0,0.0,0.0,5.0,19.0,23.0,29.0,5,27.2,10.4,3.1,8.5,9.0,16.2,21.9,11.8,7.7,6.5,7.5,8.4,100.0,,4.7,7.3,22.2,8.6,18.6,3.7,4.2,100.0,0.0,0.0,0.0,2.3,9.8,11.9,15.0,0.7,,704,222,222,0.1053,193,193,0.1053,190.0,190.0,0.2745,31.0,31.0,0.1373,15.0,15.0,0.1569,112.0,112.0,0.3137,152.0,152.0,0.2941,83,83,0.1842,212.0,212.0,0.1579,114.0,114.0,0.2549,23.0,23.0,0.1579,286.0,286.0,0.3725,242.0,242.0,0.3529,0.0,0.0,0.0882,5.0,5.0,0.6569,42.0,42.0,0.2451,29.0,29.0,0.5882,5,5,0.4211,27.2,27.2,0.8367,10.4,10.4,0.551,11.6,11.6,0.0426,25.2,25.2,0.9796,21.9,21.9,0.8265,11.8,11.8,0.6786,30.1,30.1,0.4821,100.0,100.0,0.5102,12.0,12.0,0.5818,57.300000000000004,57.300000000000004,0.6939,100.0,100.0,0.5102,0.0,0.0,0.0714,2.3,2.3,0.9184,21.700000000000003,21.700000000000003,0.6939,15.0,15.0,1.0,0.7,0.7,0.6875,0.8367,0.8367,0.8367,0.551,0.551,0.551,0.0426,0.0426,0.0426,0.9796,0.9796,0.9796,0.8265,0.8265,0.8265,3.2364000000000006,3.2364000000000006,0.766,0.766,0.766,0.766,0.6786,0.6786,0.6786,0.4821,0.4821,0.4821,0.5102,0.5102,0.5102,0.5818,0.5818,0.5818,0.6939,0.6939,0.6939,2.9466,2.9466,0.7755,0.7755,0.7755,0.7755,0.5102,0.5102,0.5102,0.5102,0.5102,0.5102,0.5102,0.5102,0.5102,0.0714,0.0714,0.0714,0.9184,0.9184,0.9184,0.6939,0.6939,0.6939,1.0,1.0,1.0,0.6875,0.6875,0.6875,3.3712,3.3712,0.9388,0.9388,0.9388,0.9388,2.9905000000000004,2.9905000000000004,0.8511,0.8511,0.8511,0.8511,1.0,1.0,0.5789,1.0,1.0,0.5789,1.0,1.0,0.5965,1.0,1.0,0.5789,1.0,1.0,0.5789,5.0,5.0,0.5965,1.0,1.0,0.5351,1.0,1.0,0.5175,1.0,1.0,0.5789,1.0,1.0,0.5263,1.0,1.0,0.5789,5.0,5.0,0.5877,1.0,1.0,0.5789,1.0,1.0,0.5789,0.0,0.0,0.2368,1.0,1.0,0.8684,1.0,1.0,0.5789,1.0,1.0,0.5877,0.0,0.0,0.3684,3.0,3.0,0.5175,14.0,14.0,0.5351
66,77450,448,128,106,,,,,,,,33,37,44,62,35,,6,13,,,,,,,,,,,,,,0,,,,,,,,7.4,8.3,9.8,13.8,7.8,,,5.7,12.3,,,,,,,,,,,,,,0.0,,448,128,128,0.0702,106,106,0.0702,,,,,,,,,,,,,,,,33,33,0.1053,178.0,178.0,0.0702,,,,19.0,19.0,0.1228,,,,,,,,,,,,,,,,,,,0,0,0.1404,,,,,,,,,,,,,,,,7.4,7.4,0.0893,39.7,39.7,0.9821,,,,18.0,18.0,0.9364,,,,,,,,,,,,,,,,,,,0.0,0.0,0.1339,,,,,,,,,,,,,,,,,,,,,,0.0893,0.0893,0.0893,0.9821,0.9821,0.9821,,,,0.9364,0.9364,0.9364,,,,,,,,,,,,,,,,,,,,,,,,,,,,,,,0.1339,0.1339,0.1339,,,,,,,,,,,,,0.0,0.0,0.0789,0.0,0.0,0.0789,0.0,0.0,0.0965,0.0,0.0,0.0789,0.0,0.0,0.0789,0.0,0.0,0.0789,1.0,1.0,0.5351,1.0,1.0,0.5175,0.0,0.0,0.0789,1.0,1.0,0.5263,0.0,0.0,0.0789,3.0,3.0,0.0965,0.0,0.0,0.0789,0.0,0.0,0.0789,0.0,0.0,0.2368,0.0,0.0,0.3684,0.0,0.0,0.0789,0.0,0.0,0.0877,0.0,0.0,0.3684,0.0,0.0,0.0439,3.0,3.0,0.0702
66,79600,3388,1232,1107,727.0,185.0,25.0,92.0,54.0,192.0,551.0,361,231,223,251,252,534.0,33,122,417.0,74.0,116.0,150.0,73.0,850.0,174.0,179.0,111.0,1.0,113.0,52.0,81.0,131,22.4,12.5,5.3,19.6,2.6,9.3,17.1,10.7,6.8,6.6,7.4,7.4,100.0,,3.0,11.0,13.8,4.6,7.2,9.2,4.5,100.0,14.1,14.5,9.0,0.1,10.2,4.7,7.3,3.9,,3388,1232,1232,0.807,1107,1107,0.8421,727.0,727.0,0.7451,185.0,185.0,0.8627,117.0,117.0,0.7255,246.0,246.0,0.5882,551.0,551.0,0.6471,361,361,0.6316,957.0,957.0,0.5789,534.0,534.0,0.8431,155.0,155.0,0.9035,830.0,830.0,0.6275,850.0,850.0,0.6275,464.0,464.0,0.9804,1.0,1.0,0.2843,165.0,165.0,0.6275,81.0,81.0,0.9804,131,131,0.9123,22.4,22.4,0.6122,12.5,12.5,0.8265,24.900000000000002,24.900000000000002,0.8723,11.9,11.9,0.2041,17.1,17.1,0.5306,10.7,10.7,0.5179,28.199999999999996,28.199999999999996,0.3036,100.0,100.0,0.5102,14.0,14.0,0.7273,39.3,39.3,0.449,100.0,100.0,0.5102,37.6,37.6,0.9388,0.1,0.1,0.1939,14.899999999999999,14.899999999999999,0.2653,7.3,7.3,0.8367,3.9,3.9,0.8571,0.6122,0.6122,0.6122,0.8265,0.8265,0.8265,0.8723,0.8723,0.8723,0.2041,0.2041,0.2041,0.5306,0.5306,0.5306,3.0457,3.0457,0.7021,0.7021,0.7021,0.7021,0.5179,0.5179,0.5179,0.3036,0.3036,0.3036,0.5102,0.5102,0.5102,0.7273,0.7273,0.7273,0.449,0.449,0.449,2.508,2.508,0.3878,0.3878,0.3878,0.3878,0.5102,0.5102,0.5102,0.5102,0.5102,0.5102,0.5102,0.5102,0.5102,0.9388,0.9388,0.9388,0.1939,0.1939,0.1939,0.2653,0.2653,0.2653,0.8367,0.8367,0.8367,0.8571,0.8571,0.8571,3.0918,3.0918,0.7755,0.7755,0.7755,0.7755,2.3756,2.3756,0.6383,0.6383,0.6383,0.6383,1.0,1.0,0.5789,1.0,1.0,0.5789,1.0,1.0,0.5965,1.0,1.0,0.5789,1.0,1.0,0.5789,5.0,5.0,0.5965,1.0,1.0,0.5351,1.0,1.0,0.5175,1.0,1.0,0.5789,1.0,1.0,0.5263,1.0,1.0,0.5789,5.0,5.0,0.5877,1.0,1.0,0.5789,1.0,1.0,0.5789,1.0,1.0,0.7368,0.0,0.0,0.3684,1.0,1.0,0.5789,1.0,1.0,0.5877,1.0,1.0,0.8684,4.0,4.0,0.8333,15.0,15.0,0.8509
66,80100,4081,1827,1597,,,,,,,,464,240,193,216,312,,33,83,,,,,,,,,,,,,,7,,,,,,,,11.4,5.9,4.7,5.3,7.6,,,2.1,5.2,,,,,,,,,,,,,,0.2,,4081,1827,1827,0.9474,1597,1597,0.9649,,,,,,,,,,,,,,,,464,464,0.807,961.0,961.0,0.5965,,,,116.0,116.0,0.7193,,,,,,,,,,,,,,,,,,,7,7,0.5439,,,,,,,,,,,,,,,,11.4,11.4,0.5982,23.5,23.5,0.1071,,,,7.300000000000001,7.300000000000001,0.1364,,,,,,,,,,,,,,,,,,,0.2,0.2,0.4375,,,,,,,,,,,,,,,,,,,,,,0.5982,0.5982,0.5982,0.1071,0.1071,0.1071,,,,0.1364,0.1364,0.1364,,,,,,,,,,,,,,,,,,,,,,,,,,,,,,,0.4375,0.4375,0.4375,,,,,,,,,,,,,0.0,0.0,0.0789,0.0,0.0,0.0789,0.0,0.0,0.0965,0.0,0.0,0.0789,0.0,0.0,0.0789,0.0,0.0,0.0789,1.0,1.0,0.5351,1.0,1.0,0.5175,0.0,0.0,0.0789,1.0,1.0,0.5263,0.0,0.0,0.0789,3.0,3.0,0.0965,0.0,0.0,0.0789,0.0,0.0,0.0789,0.0,0.0,0.2368,0.0,0.0,0.3684,0.0,0.0,0.0789,0.0,0.0,0.0877,0.0,0.0,0.3684,0.0,0.0,0.0439,3.0,3.0,0.0702
66,81600,2106,646,604,257.0,68.0,16.0,84.0,41.0,79.0,250.0,274,145,187,188,136,260.0,19,42,86.0,33.0,22.0,17.0,13.0,295.0,0.0,1.0,0.0,0.0,52.0,17.0,13.0,0,12.2,7.5,3.2,17.0,3.1,6.0,12.3,13.0,6.9,8.9,8.9,6.5,100.0,,3.1,7.0,4.4,4.2,2.8,2.2,1.7,100.0,0.0,0.2,0.0,0.0,8.6,2.8,2.2,0.0,,2106,646,646,0.4035,604,604,0.4912,257.0,257.0,0.3529,68.0,68.0,0.3922,100.0,100.0,0.6863,120.0,120.0,0.3333,250.0,250.0,0.3725,274,274,0.5263,656.0,656.0,0.4561,260.0,260.0,0.451,61.0,61.0,0.4912,171.0,171.0,0.2941,295.0,295.0,0.4118,1.0,1.0,0.2255,0.0,0.0,0.0882,69.0,69.0,0.3529,13.0,13.0,0.3235,0,0,0.1404,12.2,12.2,0.0816,7.5,7.5,0.1837,20.2,20.2,0.617,9.1,9.1,0.102,12.3,12.3,0.0816,13.0,13.0,0.7768,31.200000000000003,31.200000000000003,0.6071,100.0,100.0,0.5102,10.1,10.1,0.3364,15.3,15.3,0.0204,100.0,100.0,0.5102,0.2,0.2,0.2245,0.0,0.0,0.0714,11.399999999999999,11.399999999999999,0.1224,2.2,2.2,0.1837,0.0,0.0,0.1339,0.0816,0.0816,0.0816,0.1837,0.1837,0.1837,0.617,0.617,0.617,0.102,0.102,0.102,0.0816,0.0816,0.0816,1.0659,1.0659,0.0426,0.0426,0.0426,0.0426,0.7768,0.7768,0.7768,0.6071,0.6071,0.6071,0.5102,0.5102,0.5102,0.3364,0.3364,0.3364,0.0204,0.0204,0.0204,2.2509,2.2509,0.2449,0.2449,0.2449,0.2449,0.5102,0.5102,0.5102,0.5102,0.5102,0.5102,0.5102,0.5102,0.5102,0.2245,0.2245,0.2245,0.0714,0.0714,0.0714,0.1224,0.1224,0.1224,0.1837,0.1837,0.1837,0.1339,0.1339,0.1339,0.7359,0.7359,0.0204,0.0204,0.0204,0.0204,0.8180999999999999,0.8180999999999999,0.0851,0.0851,0.0851,0.0851,1.0,1.0,0.5789,1.0,1.0,0.5789,1.0,1.0,0.5965,1.0,1.0,0.5789,1.0,1.0,0.5789,5.0,5.0,0.5965,1.0,1.0,0.5351,1.0,1.0,0.5175,1.0,1.0,0.5789,1.0,1.0,0.5263,1.0,1.0,0.5789,5.0,5.0,0.5877,1.0,1.0,0.5789,1.0,1.0,0.5789,0.0,0.0,0.2368,0.0,0.0,0.3684,1.0,1.0,0.5789,1.0,1.0,0.5877,0.0,0.0,0.3684,2.0,2.0,0.2456,13.0,13.0,0.2544
66,81850,2687,790,645,616.0,95.0,18.0,60.0,53.0,151.0,455.0,229,216,239,248,234,329.0,31,50,505.0,52.0,288.0,131.0,34.0,998.0,22.0,1.0,0.0,10.0,93.0,76.0,12.0,0,23.1,8.3,4.4,14.7,3.3,9.5,17.2,8.5,8.0,8.9,9.2,8.7,100.0,,4.8,7.8,20.5,3.7,20.7,9.4,2.4,100.0,2.8,0.1,0.0,1.3,14.5,11.8,1.9,0.0,,2687,790,790,0.4912,645,645,0.5263,616.0,616.0,0.6275,95.0,95.0,0.4706,78.0,78.0,0.549,204.0,204.0,0.5098,455.0,455.0,0.5882,229,229,0.4912,937.0,937.0,0.5439,329.0,329.0,0.549,81.0,81.0,0.5263,1010.0,1010.0,0.6667,998.0,998.0,0.7255,23.0,23.0,0.5686,10.0,10.0,0.8431,169.0,169.0,0.6471,12.0,12.0,0.2745,0,0,0.1404,23.1,23.1,0.6531,8.3,8.3,0.2245,19.1,19.1,0.4468,12.8,12.8,0.3469,17.2,17.2,0.551,8.5,8.5,0.2143,34.8,34.8,0.8393,100.0,100.0,0.5102,12.6,12.6,0.6364,56.699999999999996,56.699999999999996,0.6327,100.0,100.0,0.5102,2.9,2.9,0.4796,1.3,1.3,0.7755,26.3,26.3,0.8367,1.9,1.9,0.1327,0.0,0.0,0.1339,0.6531,0.6531,0.6531,0.2245,0.2245,0.2245,0.4468,0.4468,0.4468,0.3469,0.3469,0.3469,0.551,0.551,0.551,2.2223,2.2223,0.3617,0.3617,0.3617,0.3617,0.2143,0.2143,0.2143,0.8393,0.8393,0.8393,0.5102,0.5102,0.5102,0.6364,0.6364,0.6364,0.6327,0.6327,0.6327,2.8329000000000004,2.8329000000000004,0.6327,0.6327,0.6327,0.6327,0.5102,0.5102,0.5102,0.5102,0.5102,0.5102,0.5102,0.5102,0.5102,0.4796,0.4796,0.4796,0.7755,0.7755,0.7755,0.8367,0.8367,0.8367,0.1327,0.1327,0.1327,0.1339,0.1339,0.1339,2.3584,2.3584,0.3878,0.3878,0.3878,0.3878,1.8923999999999999,1.8923999999999999,0.4894,0.4894,0.4894,0.4894,1.0,1.0,0.5789,1.0,1.0,0.5789,1.0,1.0,0.5965,1.0,1.0,0.5789,1.0,1.0,0.5789,5.0,5.0,0.5965,1.0,1.0,0.5351,1.0,1.0,0.5175,1.0,1.0,0.5789,1.0,1.0,0.5263,1.0,1.0,0.5789,5.0,5.0,0.5877,1.0,1.0,0.5789,1.0,1.0,0.5789,1.0,1.0,0.7368,1.0,1.0,0.8684,1.0,1.0,0.5789,1.0,1.0,0.5877,0.0,0.0,0.3684,4.0,4.0,0.8333,15.0,15.0,0.8509
66,83950,3065,859,792,828.0,137.0,20.0,86.0,81.0,258.0,399.0,298,265,273,295,271,414.0,38,117,205.0,63.0,36.0,85.0,19.0,405.0,6.0,7.0,12.0,1.0,100.0,51.0,53.0,10,27.2,11.1,4.0,17.4,4.6,14.5,13.2,9.7,8.6,8.9,9.6,8.8,100.0,,4.8,14.8,7.3,4.6,2.6,6.2,1.4,100.0,0.7,0.8,1.4,0.1,12.6,6.4,6.7,0.3,,3065,859,859,0.5614,792,792,0.5789,828.0,828.0,0.8627,137.0,137.0,0.6275,106.0,106.0,0.7059,339.0,339.0,0.8039,399.0,399.0,0.5098,298,298,0.5614,1104.0,1104.0,0.7544,414.0,414.0,0.6275,155.0,155.0,0.9035,408.0,408.0,0.4314,405.0,405.0,0.451,25.0,25.0,0.6078,1.0,1.0,0.2843,151.0,151.0,0.5098,53.0,53.0,0.8431,10,10,0.6053,27.2,27.2,0.8367,11.1,11.1,0.6224,21.4,21.4,0.7234,19.1,19.1,0.8571,13.2,13.2,0.1327,9.7,9.7,0.3036,35.900000000000006,35.900000000000006,0.9107,100.0,100.0,0.5102,19.6,19.6,0.9818,22.099999999999998,22.099999999999998,0.1429,100.0,100.0,0.5102,2.9,2.9,0.4796,0.1,0.1,0.1939,19.0,19.0,0.4592,6.7,6.7,0.7653,0.3,0.3,0.5357,0.8367,0.8367,0.8367,0.6224,0.6224,0.6224,0.7234,0.7234,0.7234,0.8571,0.8571,0.8571,0.1327,0.1327,0.1327,3.1723,3.1723,0.7447,0.7447,0.7447,0.7447,0.3036,0.3036,0.3036,0.9107,0.9107,0.9107,0.5102,0.5102,0.5102,0.9818,0.9818,0.9818,0.1429,0.1429,0.1429,2.8491999999999997,2.8491999999999997,0.6735,0.6735,0.6735,0.6735,0.5102,0.5102,0.5102,0.5102,0.5102,0.5102,0.5102,0.5102,0.5102,0.4796,0.4796,0.4796,0.1939,0.1939,0.1939,0.4592,0.4592,0.4592,0.7653,0.7653,0.7653,0.5357,0.5357,0.5357,2.4337,2.4337,0.449,0.449,0.449,0.449,2.3774,2.3774,0.6596,0.6596,0.6596,0.6596,1.0,1.0,0.5789,1.0,1.0,0.5789,1.0,1.0,0.5965,1.0,1.0,0.5789,1.0,1.0,0.5789,5.0,5.0,0.5965,1.0,1.0,0.5351,1.0,1.0,0.5175,1.0,1.0,0.5789,1.0,1.0,0.5263,1.0,1.0,0.5789,5.0,5.0,0.5877,1.0,1.0,0.5789,1.0,1.0,0.5789,1.0,1.0,0.7368,0.0,0.0,0.3684,1.0,1.0,0.5789,1.0,1.0,0.5877,0.0,0.0,0.3684,3.0,3.0,0.5175,14.0,14.0,0.5351
66,85000,5213,1673,1407,730.0,161.0,41.0,188.0,167.0,209.0,913.0,676,351,361,415,389,661.0,30,73,1089.0,60.0,790.0,107.0,115.0,2243.0,0.0,1.0,1.0,85.0,155.0,61.0,27.0,9,14.1,7.2,4.5,20.7,5.1,6.3,18.2,13.0,6.7,6.9,8.0,7.5,100.0,,2.1,5.2,22.5,2.1,28.2,3.8,4.1,100.0,0.0,0.1,0.1,5.1,11.0,4.3,1.9,0.2,,5213,1673,1673,0.8772,1407,1407,0.9123,730.0,730.0,0.7647,161.0,161.0,0.7451,229.0,229.0,1.0,376.0,376.0,0.8824,913.0,913.0,0.9216,676,676,0.9649,1516.0,1516.0,0.9649,661.0,661.0,0.9216,103.0,103.0,0.614,2161.0,2161.0,0.9216,2243.0,2243.0,0.9216,2.0,2.0,0.3529,85.0,85.0,1.0,216.0,216.0,0.8333,27.0,27.0,0.4902,9,9,0.5789,14.1,14.1,0.1633,7.2,7.2,0.1224,25.2,25.2,0.8936,11.399999999999999,11.399999999999999,0.1633,18.2,18.2,0.5918,13.0,13.0,0.7768,29.1,29.1,0.3393,100.0,100.0,0.5102,7.300000000000001,7.300000000000001,0.1364,60.699999999999996,60.699999999999996,0.7347,100.0,100.0,0.5102,0.2,0.2,0.2245,5.1,5.1,1.0,15.3,15.3,0.2857,1.9,1.9,0.1327,0.2,0.2,0.4375,0.1633,0.1633,0.1633,0.1224,0.1224,0.1224,0.8936,0.8936,0.8936,0.1633,0.1633,0.1633,0.5918,0.5918,0.5918,1.9344000000000001,1.9344000000000001,0.2979,0.2979,0.2979,0.2979,0.7768,0.7768,0.7768,0.3393,0.3393,0.3393,0.5102,0.5102,0.5102,0.1364,0.1364,0.1364,0.7347,0.7347,0.7347,2.4974000000000003,2.4974000000000003,0.3673,0.3673,0.3673,0.3673,0.5102,0.5102,0.5102,0.5102,0.5102,0.5102,0.5102,0.5102,0.5102,0.2245,0.2245,0.2245,1.0,1.0,1.0,0.2857,0.2857,0.2857,0.1327,0.1327,0.1327,0.4375,0.4375,0.4375,2.0804,2.0804,0.2857,0.2857,0.2857,0.2857,1.4611,1.4611,0.2553,0.2553,0.2553,0.2553,1.0,1.0,0.5789,1.0,1.0,0.5789,1.0,1.0,0.5965,1.0,1.0,0.5789,1.0,1.0,0.5789,5.0,5.0,0.5965,1.0,1.0,0.5351,1.0,1.0,0.5175,1.0,1.0,0.5789,1.0,1.0,0.5263,1.0,1.0,0.5789,5.0,5.0,0.5877,1.0,1.0,0.5789,1.0,1.0,0.5789,0.0,0.0,0.2368,1.0,1.0,0.8684,1.0,1.0,0.5789,1.0,1.0,0.5877,0.0,0.0,0.3684,3.0,3.0,0.5175,14.0,14.0,0.5351
66,86000,1050,287,222,307.0,42.0,2.0,13.0,63.0,130.0,194.0,79,119,106,92,83,177.0,9,26,112.0,36.0,38.0,35.0,2.0,146.0,0.0,0.0,0.0,1.0,33.0,61.0,27.0,16,29.7,11.1,1.4,8.8,11.5,23.7,18.9,7.5,11.3,10.1,8.8,7.9,100.0,,4.1,11.7,12.2,8.2,8.7,8.0,0.5,100.0,0.0,0.0,0.0,0.3,14.9,27.5,12.2,1.5,,1050,287,287,0.2105,222,222,0.1579,307.0,307.0,0.3922,42.0,42.0,0.2941,15.0,15.0,0.1569,193.0,193.0,0.4706,194.0,194.0,0.3333,79,79,0.1579,400.0,400.0,0.3509,177.0,177.0,0.3333,35.0,35.0,0.2895,223.0,223.0,0.3137,146.0,146.0,0.2549,0.0,0.0,0.0882,1.0,1.0,0.2843,94.0,94.0,0.451,27.0,27.0,0.4902,16,16,0.6579,29.7,29.7,0.9592,11.1,11.1,0.6224,10.200000000000001,10.200000000000001,0.0213,35.2,35.2,1.0,18.9,18.9,0.6531,7.5,7.5,0.1071,38.1,38.1,0.9464,100.0,100.0,0.5102,15.799999999999999,15.799999999999999,0.8364,37.599999999999994,37.599999999999994,0.4184,100.0,100.0,0.5102,0.0,0.0,0.0714,0.3,0.3,0.3265,42.4,42.4,1.0,12.2,12.2,0.9592,1.5,1.5,0.8036,0.9592,0.9592,0.9592,0.6224,0.6224,0.6224,0.0213,0.0213,0.0213,1.0,1.0,1.0,0.6531,0.6531,0.6531,3.2560000000000002,3.2560000000000002,0.8298,0.8298,0.8298,0.8298,0.1071,0.1071,0.1071,0.9464,0.9464,0.9464,0.5102,0.5102,0.5102,0.8364,0.8364,0.8364,0.4184,0.4184,0.4184,2.8185000000000002,2.8185000000000002,0.6122,0.6122,0.6122,0.6122,0.5102,0.5102,0.5102,0.5102,0.5102,0.5102,0.5102,0.5102,0.5102,0.0714,0.0714,0.0714,0.3265,0.3265,0.3265,1.0,1.0,1.0,0.9592,0.9592,0.9592,0.8036,0.8036,0.8036,3.1607,3.1607,0.8163,0.8163,0.8163,0.8163,2.7685,2.7685,0.7872,0.7872,0.7872,0.7872,1.0,1.0,0.5789,1.0,1.0,0.5789,1.0,1.0,0.5965,1.0,1.0,0.5789,1.0,1.0,0.5789,5.0,5.0,0.5965,1.0,1.0,0.5351,1.0,1.0,0.5175,1.0,1.0,0.5789,1.0,1.0,0.5263,1.0,1.0,0.5789,5.0,5.0,0.5877,1.0,1.0,0.5789,1.0,1.0,0.5789,0.0,0.0,0.2368,0.0,0.0,0.3684,1.0,1.0,0.5789,1.0,1.0,0.5877,1.0,1.0,0.8684,3.0,3.0,0.5175,14.0,14.0,0.5351
