state,place,DP1_0001C,DP4_0001C,DP1_0135C,DP3_0151C,DP3_0005C,DP4_0125C,DP4_0126C,DP2_0008C,DP2_0009C,DP3_0068C,DP1_0024C,DP1_0002C,DP1_0003C,DP1_0004C,DP1_0005C,DP2_0102C,DP1_0141C,DP1_0143C,DP2_0178C,DP2_0182C,DP2_0185C,DP2_0188C,DP2_0191C,DP2_0151C,DP4_0022C,DP4_0023C,DP4_0024C,DP4_0025C,DP4_0083C,DP4_0084C,DP4_0077C,DP1_0128C,DP3_0151P,DP3_0009P,DP4_0125P,DP4_0126P,DP2_0008P,DP2_0009P,DP3_0068P,DP1_0024P,DP1_0002P,DP1_0003P,DP1_0004P,DP1_0005P,DP2_0102P,NAME_x,DP1_0141P,DP1_0143P,DP2_0178P,DP2_0182P,DP2_0185P,DP2_0188P,DP2_0191P,DP2_0151P,DP4_0022P,DP4_0023P,DP4_0024P,DP4_0025P,DP4_0083P,DP4_0084P,DP4_0077P,DP1_0128P,DP2_0101P,NAME_y,E_TOTPOP,E_HU,E_HH,E_POV150,E_UNEMP,E_HBURD,E_NOHSDP,E_UNINSUR,E_AGE65,E_AGE17,E_DISABL,E_SNGPNT,E_LIMENG,E_MINRTY,E_MUNIT,E_MOBILE,E_CROWD,E_NOVEH,E_GROUPQ,EP_POV150,EP_UNEMP,EP_HBURD,EP_NOHSDP,EP_UNINSUR,EP_AGE65,EP_AGE17,EP_DISABL,EP_SNGPNT,EP_LIMENG,EP_MINRTY,EP_MUNIT,EP_MOBILE,EP_CROWD,EP_NOVEH,EP_GROUPQ,EPL_POV150,EPL_UNEMP,EPL_HBURD,EPL_NOHSDP,EPL_UNINSUR,SPL_THEME1,RPL_THEME1,EPL_AGE65,EPL_AGE17,EPL_DISABL,EPL_SNGPNT,EPL_LIMENG,SPL_THEME2,RPL_THEME2,EPL_MINRTY,SPL_THEME3,RPL_THEME3,EPL_MUNIT,EPL_MOBILE,EPL_CROWD,EPL_NOVEH,EPL_GROUPQ,SPL_THEME4,RPL_THEME4,SPL_THEMES,RPL_THEMES,F_POV150,F_UNEMP,F_HBURD,F_NOHSDP,F_UNINSUR,F_THEME1,F_AGE65,F_AGE17,F_DISABL,F_SNGPNT,F_LIMENG,F_THEME2,F_MINRTY,F_THEME3,F_MUNIT,F_MOBILE,F_CROWD,F_NOVEH,F_GROUPQ,F_THEME4,F_TOTAL
66,00100,3638,1214,1031,553.0,176.0,32.0,98.0,97.0,227.0,644.0,515,196,223,246,304,558.0,22,38,703.0,67.0,427.0,109.0,99.0,1426.0,1.0,1.0,0.0,2.0,104.0,56.0,13.0,6,15.3,10.2,4.6,14.0,4.1,9.5,18.0,14.2,5.4,6.1,6.8,8.4,15.6,,2.1,3.7,20.5,3.2,20.5,5.2,4.7,100.0,0.1,0.1,0.0,0.2,10.1,5.4,1.3,0.2,100.0,,3638,1214,1031,553.0,176.0,130.0,324.0,644.0,515,969.0,558.0,60.0,1405.0,1426.0,2.0,2.0,160.0,13.0,6,15.3,10.2,18.6,13.6,18.0,14.2,26.700000000000003,15.6,5.800000000000001,54.10000000000001,100.0,0.2,0.2,15.5,1.3,0.2,0.2041,0.5102,0.3617,0.4694,0.5714,2.1168,0.3404,0.8571,0.2143,0.7959,0.0909,0.5714,2.5296,0.449,0.5102,0.5102,0.5102,0.2245,0.2755,0.3265,0.0714,0.4375,1.3354,0.0816,1.3811999999999998,0.1915,1.0,1.0,1.0,1.0,1.0,5.0,1.0,1.0,1.0,1.0,1.0,5.0,1.0,1.0,0.0,0.0,1.0,1.0,0.0,2.0,13.0
66,00850,771,275,248,180.0,55.0,4.0,25.0,11.0,57.0,119.0,83,54,57,63,62,124.0,18,17,49.0,15.0,18.0,5.0,11.0,130.0,6.0,5.0,59.0,1.0,17.0,21.0,6.0,0,23.4,16.4,2.9,17.9,2.3,11.8,16.0,10.8,7.0,7.4,8.2,8.0,16.7,,7.3,6.9,6.8,5.5,6.5,1.8,4.0,100.0,2.2,1.8,21.5,0.4,6.9,8.5,2.4,0.0,100.0,,771,275,248,180.0,55.0,29.0,68.0,119.0,83,236.0,124.0,35.0,98.0,130.0,70.0,1.0,38.0,6.0,0,23.4,16.4,20.799999999999997,14.100000000000001,16.0,10.8,30.6,16.7,14.2,24.6,100.0,25.5,0.4,15.4,2.4,0.0,0.6735,1.0,0.6596,0.5102,0.4082,3.2515,0.7872,0.5536,0.5446,0.9388,0.7455,0.2041,2.9865999999999997,0.7143,0.5102,0.5102,0.5102,0.898,0.4184,0.3061,0.2245,0.1339,1.9808999999999999,0.2449,2.2566,0.617,1.0,1.0,1.0,1.0,1.0,5.0,1.0,1.0,1.0,1.0,1.0,5.0,1.0,1.0,1.0,0.0,1.0,1.0,0.0,3.0,14.0
66,04000,3616,1210,1078,553.0,165.0,22.0,72.0,69.0,223.0,467.0,465,233,242,302,282,551.0,39,82,329.0,93.0,72.0,131.0,27.0,593.0,65.0,43.0,83.0,1.0,101.0,84.0,55.0,34,15.5,10.1,3.7,12.0,3.0,9.7,13.3,12.9,6.4,6.7,8.4,7.8,15.6,,3.6,7.6,9.8,6.1,4.8,8.6,1.8,100.0,5.4,3.6,6.9,0.1,9.4,7.8,5.1,0.9,100.0,,3616,1210,1078,553.0,165.0,94.0,292.0,467.0,465,1059.0,551.0,121.0,652.0,593.0,191.0,1.0,185.0,55.0,34,15.5,10.1,15.7,12.7,13.3,12.9,29.3,15.6,11.2,31.099999999999998,100.0,15.9,0.1,17.2,5.1,0.9,0.2245,0.4796,0.1489,0.3163,0.1633,1.3326000000000002,0.0851,0.75,0.3661,0.7959,0.4818,0.3061,2.6998999999999995,0.551,0.5102,0.5102,0.5102,0.7755,0.1939,0.3673,0.551,0.7321,2.6198,0.5918,1.7381000000000002,0.383,1.0,1.0,1.0,1.0,1.0,5.0,1.0,1.0,1.0,1.0,1.0,5.0,1.0,1.0,1.0,0.0,1.0,1.0,1.0,4.0,15.0
66,06600,3292,1149,947,749.0,195.0,18.0,57.0,78.0,263.0,456.0,474,262,253,261,254,606.0,48,68,373.0,87.0,144.0,112.0,26.0,734.0,40.0,4.0,60.0,6.0,105.0,75.0,65.0,14,23.0,14.3,3.5,11.1,3.8,12.9,14.1,14.4,8.0,7.7,7.9,7.7,18.8,,5.1,7.2,12.4,5.8,9.7,7.5,1.7,100.0,3.5,0.3,5.2,0.5,11.1,7.9,6.9,0.4,100.0,,3292,1149,947,749.0,195.0,75.0,341.0,456.0,474,1030.0,606.0,116.0,742.0,734.0,104.0,6.0,180.0,65.0,14,23.0,14.3,14.6,16.7,14.1,14.4,31.3,18.8,12.3,37.1,100.0,9.0,0.5,19.0,6.9,0.4,0.6327,0.9388,0.0745,0.7143,0.3163,2.6766,0.5106,0.875,0.6339,1.0,0.6,0.3776,3.4865000000000004,0.9592,0.5102,0.5102,0.5102,0.6735,0.5306,0.4592,0.8163,0.5804,3.06,0.7347,2.7147,0.766,1.0,1.0,1.0,1.0,1.0,5.0,1.0,1.0,1.0,1.0,1.0,5.0,1.0,1.0,1.0,0.0,1.0,1.0,0.0,3.0,14.0
66,07600,2385,678,592,503.0,118.0,16.0,54.0,66.0,172.0,442.0,217,203,234,205,181,286.0,37,54,399.0,36.0,196.0,157.0,5.0,926.0,1.0,0.0,0.0,8.0,77.0,75.0,20.0,5,21.4,12.2,4.3,14.7,4.9,12.7,19.0,9.1,8.5,9.8,8.6,7.6,12.3,,6.3,9.1,18.4,2.7,14.6,11.7,0.4,100.0,0.1,0.0,0.0,1.2,13.1,12.7,3.4,0.2,100.0,,2385,678,592,503.0,118.0,70.0,238.0,442.0,217,823.0,286.0,91.0,793.0,926.0,1.0,8.0,152.0,20.0,5,21.4,12.2,19.0,17.6,19.0,9.1,34.5,12.3,15.399999999999999,47.79999999999999,100.0,0.1,1.2,25.799999999999997,3.4,0.2,0.5612,0.7755,0.4255,0.8163,0.6735,3.252,0.8085,0.2679,0.8214,0.3061,0.8,0.4898,2.6852,0.5102,0.5102,0.5102,0.5102,0.1429,0.7347,0.8061,0.4184,0.4375,2.5396,0.4796,2.3085,0.6383,1.0,1.0,1.0,1.0,1.0,5.0,1.0,1.0,1.0,1.0,1.0,5.0,1.0,1.0,0.0,1.0,1.0,1.0,0.0,3.0,14.0
66,07900,1973,670,435,39.0,5.0,0.0,0.0,5.0,9.0,52.0,22,176,155,117,146,23.0,6,12,43.0,0.0,34.0,4.0,4.0,93.0,4.0,0.0,1.0,1.0,10.0,5.0,7.0,580,21.4,6.6,,,4.5,8.0,29.4,1.1,8.9,7.9,5.9,7.4,13.0,,1.4,2.8,26.2,0.0,33.3,3.9,3.9,100.0,7.7,0.0,1.9,1.9,19.2,9.6,13.5,29.4,100.0,,1973,670,435,39.0,5.0,0.0,14.0,52.0,22,594.0,23.0,18.0,85.0,93.0,5.0,1.0,15.0,7.0,580,21.4,6.6,,12.5,29.4,1.1,30.1,13.0,4.199999999999999,67.3,100.0,9.6,1.9,28.799999999999997,13.5,29.4,0.5612,0.051,,0.2857,1.0,,,0.0536,0.4821,0.4592,0.0545,0.8571,1.9064999999999999,0.102,0.5102,0.5102,0.5102,0.7143,0.8673,0.8571,0.9796,0.9643,4.3826,1.0,,,1.0,1.0,0.0,1.0,1.0,4.0,1.0,1.0,1.0,1.0,1.0,5.0,1.0,1.0,1.0,1.0,1.0,1.0,1.0,5.0,15.0
66,09500,5224,2443,2023,,,,,,,,653,264,319,350,274,,36,172,,,,,,,,,,,,,,19,,,,,,,,12.5,5.1,6.1,6.7,5.2,,,1.8,8.5,,,,,,,,,,,,,,0.4,,,5224,2443,2023,,,,,,653,1207.0,,208.0,,,,,,,19,,,,,,12.5,23.099999999999998,,10.3,,,,,,,0.4,,,,,,,,0.7143,0.0893,,0.3636,,,,,,,,,,,0.5804,,,,,0.0,0.0,0.0,0.0,0.0,0.0,1.0,1.0,0.0,1.0,0.0,3.0,0.0,0.0,0.0,0.0,0.0,0.0,0.0,0.0,3.0
66,09850,2930,809,627,34.0,4.0,0.0,0.0,5.0,3.0,11.0,12,275,314,228,158,9.0,10,29,14.0,0.0,4.0,5.0,1.0,21.0,0.0,1.0,1.0,0.0,7.0,0.0,3.0,830,33.3,14.3,,,8.9,5.4,12.8,0.4,9.4,10.7,7.8,5.4,10.5,,1.6,4.6,15.9,0.0,12.1,15.2,3.0,100.0,0.0,3.0,3.0,0.0,21.2,0.0,9.1,28.3,100.0,,2930,809,627,34.0,4.0,0.0,8.0,11.0,12,975.0,9.0,39.0,24.0,21.0,2.0,0.0,7.0,3.0,830,33.3,14.3,,14.3,12.8,0.4,33.300000000000004,10.5,6.199999999999999,46.2,100.0,6.0,0.0,21.2,9.1,28.3,1.0,0.9388,,0.5408,0.102,,,0.0357,0.75,0.102,0.1091,0.4694,1.4662,0.0612,0.5102,0.5102,0.5102,0.6327,0.0714,0.5918,0.9286,0.9464,3.1709,0.8367,,,1.0,1.0,0.0,1.0,1.0,4.0,0.0,1.0,1.0,1.0,1.0,4.0,1.0,1.0,1.0,0.0,1.0,1.0,1.0,4.0,13.0
66,12450,860,270,242,180.0,38.0,4.0,17.0,9.0,62.0,109.0,92,70,76,78,61,93.0,10,22,78.0,22.0,8.0,43.0,5.0,148.0,1.0,0.0,0.0,2.0,28.0,13.0,3.0,7,21.5,9.9,2.8,11.9,1.8,12.5,13.2,10.7,8.1,8.8,9.1,7.1,11.3,,4.1,9.1,10.1,6.2,2.3,12.2,1.4,100.0,0.4,0.0,0.0,0.8,11.8,5.5,1.3,0.8,100.0,,860,270,242,180.0,38.0,21.0,71.0,109.0,92,285.0,93.0,32.0,156.0,148.0,1.0,2.0,41.0,3.0,7,21.5,9.9,14.7,14.3,13.2,10.7,33.1,11.3,13.2,32.2,100.0,0.4,0.8,17.3,1.3,0.8,0.5918,0.4184,0.1064,0.5408,0.1327,1.7901,0.2766,0.5179,0.7321,0.1939,0.6727,0.3265,2.4431000000000003,0.3469,0.5102,0.5102,0.5102,0.3265,0.6633,0.3878,0.0714,0.7143,2.1633,0.3061,1.4398,0.2553,1.0,1.0,1.0,1.0,1.0,5.0,1.0,1.0,1.0,1.0,1.0,5.0,1.0,1.0,0.0,0.0,1.0,1.0,0.0,2.0,13.0
66,15800,3921,1056,929,972.0,251.0,34.0,93.0,122.0,380.0,741.0,346,302,322,380,341,514.0,30,116,729.0,99.0,497.0,109.0,22.0,1345.0,1.0,1.0,0.0,8.0,157.0,147.0,63.0,6,24.9,14.4,5.1,14.1,5.4,16.7,19.1,8.8,7.7,8.2,9.7,8.7,13.2,,3.2,12.5,20.2,4.7,23.7,5.2,1.0,100.0,0.1,0.1,0.0,0.8,16.9,15.9,6.8,0.2,100.0,,3921,1056,929,972.0,251.0,127.0,502.0,741.0,346,1345.0,514.0,146.0,1456.0,1345.0,2.0,8.0,304.0,63.0,6,24.9,14.4,19.2,22.1,19.1,8.8,34.3,13.2,15.7,54.8,100.0,0.2,0.8,32.8,6.8,0.2,0.7143,0.9796,0.4681,0.9184,0.6939,3.7743,0.9362,0.2411,0.8036,0.5,0.8182,0.6122,2.9751,0.6939,0.5102,0.5102,0.5102,0.2245,0.6633,0.949,0.7959,0.4375,3.0702,0.7551,2.8954,0.8511,1.0,1.0,1.0,1.0,1.0,5.0,1.0,1.0,1.0,1.0,1.0,5.0,1.0,1.0,0.0,0.0,1.0,1.0,0.0,2.0,13.0
66,17000,3559,1144,922,631.0,107.0,36.0,93.0,61.0,181.0,596.0,410,279,268,309,305,482.0,37,70,396.0,116.0,110.0,119.0,46.0,668.0,5.0,4.0,1.0,4.0,96.0,65.0,29.0,3,17.8,7.2,5.4,14.1,2.9,8.5,17.0,11.5,7.8,7.5,8.7,8.6,13.7,,4.0,7.6,12.1,7.4,7.1,7.6,2.9,100.0,0.4,0.4,0.1,0.4,10.4,7.1,3.2,0.1,100.0,,3559,1144,922,631.0,107.0,129.0,242.0,596.0,410,1161.0,482.0,107.0,787.0,668.0,10.0,4.0,161.0,29.0,3,17.8,7.2,19.5,11.4,17.0,11.5,32.6,13.7,11.6,37.1,100.0,0.9,0.4,17.5,3.2,0.1,0.3878,0.1224,0.5,0.1837,0.5102,1.7041,0.2128,0.625,0.7143,0.5612,0.5455,0.3776,2.8236000000000003,0.6122,0.5102,0.5102,0.5102,0.3878,0.4184,0.4082,0.3673,0.3125,1.8941999999999999,0.2041,1.5393,0.2979,1.0,1.0,1.0,1.0,1.0,5.0,1.0,1.0,1.0,1.0,1.0,5.0,1.0,1.0,1.0,0.0,1.0,1.0,0.0,3.0,14.0
66,18300,2239,727,593,281.0,64.0,21.0,64.0,53.0,78.0,335.0,364,111,142,160,154,245.0,13,42,345.0,21.0,142.0,49.0,128.0,720.0,1.0,15.0,0.0,9.0,39.0,24.0,12.0,213,14.0,6.9,5.5,16.8,4.0,5.9,16.9,16.3,5.0,6.3,7.1,6.9,12.3,,2.2,7.1,18.1,2.1,14.4,5.0,13.0,100.0,0.1,2.1,0.0,1.2,6.6,4.1,2.0,9.5,100.0,,2239,727,593,281.0,64.0,85.0,131.0,335.0,364,567.0,245.0,55.0,685.0,720.0,16.0,9.0,63.0,12.0,213,14.0,6.9,22.3,9.9,16.9,16.3,25.299999999999997,12.3,9.3,52.6,100.0,2.2,1.2,10.7,2.0,9.5,0.1429,0.0816,0.7872,0.1224,0.4898,1.6239000000000001,0.1702,0.9643,0.1429,0.3061,0.2091,0.551,2.1734,0.2449,0.5102,0.5102,0.5102,0.449,0.7347,0.102,0.1633,0.9107,2.3597,0.4082,1.3335,0.1702,1.0,1.0,1.0,1.0,1.0,5.0,1.0,1.0,1.0,1.0,1.0,5.0,1.0,1.0,1.0,1.0,1.0,1.0,1.0,5.0,16.0
66,24500,2524,840,584,781.0,122.0,13.0,54.0,103.0,247.0,566.0,200,218,246,242,217,280.0,30,59,704.0,61.0,308.0,311.0,23.0,954.0,1.0,0.0,1.0,15.0,95.0,95.0,39.0,0,31.4,12.4,3.5,14.6,7.3,17.5,22.8,7.9,8.6,9.7,9.6,8.6,11.3,,5.1,10.1,30.8,4.3,21.8,22.0,1.6,100.0,0.1,0.0,0.1,1.8,16.4,16.4,6.7,0.0,100.0,,2524,840,584,781.0,122.0,67.0,350.0,566.0,200,923.0,280.0,89.0,1407.0,954.0,2.0,15.0,190.0,39.0,0,31.4,12.4,18.1,24.8,22.8,7.9,36.5,11.3,15.2,80.5,100.0,0.2,1.8,32.8,6.7,0.0,0.9796,0.7959,0.3404,0.9592,0.8571,3.9322,1.0,0.1429,0.9286,0.1939,0.7727,0.9796,3.0177,0.7347,0.5102,0.5102,0.5102,0.2245,0.8265,0.949,0.7653,0.1339,2.8992,0.6327,2.8776,0.8085,1.0,1.0,1.0,1.0,1.0,5.0,1.0,1.0,1.0,1.0,1.0,5.0,1.0,1.0,0.0,1.0,1.0,1.0,0.0,3.0,14.0
66,25450,3826,1138,1077,523.0,160.0,24.0,125.0,59.0,197.0,436.0,389,212,250,369,309,445.0,35,72,252.0,74.0,76.0,59.0,43.0,574.0,1.0,3.0,4.0,4.0,101.0,52.0,30.0,20,13.8,9.1,3.0,15.7,2.5,8.2,11.6,10.2,5.5,6.5,9.6,8.1,11.8,,3.2,6.7,7.0,4.7,4.8,3.7,2.7,100.0,0.1,0.3,0.4,0.4,9.4,4.8,2.8,0.5,100.0,,3826,1138,1077,523.0,160.0,149.0,256.0,436.0,389,1140.0,445.0,107.0,504.0,574.0,8.0,4.0,153.0,30.0,20,13.8,9.1,18.7,10.7,11.6,10.2,29.700000000000003,11.8,9.9,22.9,100.0,0.8,0.4,14.2,2.8,0.5,0.1224,0.3265,0.383,0.1429,0.0612,1.036,0.0213,0.3929,0.3929,0.2347,0.2909,0.1633,1.4747,0.0816,0.5102,0.5102,0.5102,0.3571,0.4184,0.2449,0.2959,0.6161,1.9324,0.2245,0.8376,0.0638,1.0,1.0,1.0,1.0,1.0,5.0,1.0,1.0,1.0,1.0,1.0,5.0,1.0,1.0,0.0,0.0,1.0,1.0,0.0,2.0,13.0
66,27400,6855,2157,1869,1887.0,313.0,30.0,138.0,307.0,436.0,1621.0,1050,373,522,548,618,1085.0,53,156,1817.0,117.0,1001.0,468.0,222.0,3134.0,22.0,3.0,9.0,44.0,260.0,157.0,146.0,40,27.7,11.0,3.9,17.9,7.2,10.2,23.9,15.3,5.4,7.6,8.0,9.0,16.0,,2.8,8.3,28.2,2.7,23.2,10.8,5.1,100.0,1.0,0.1,0.4,2.0,13.9,8.4,7.8,0.6,100.0,,6855,2157,1869,1887.0,313.0,168.0,743.0,1621.0,1050,2061.0,1085.0,209.0,3625.0,3134.0,34.0,44.0,417.0,146.0,40,27.7,11.0,21.799999999999997,17.4,23.9,15.3,30.0,16.0,11.100000000000001,69.99999999999999,100.0,1.5,2.0,22.3,7.8,0.6,0.8776,0.5918,0.7447,0.7755,0.9184,3.9080000000000004,0.9787,0.9196,0.4286,0.8673,0.4545,0.8776,3.5475999999999996,0.9796,0.5102,0.5102,0.5102,0.4082,0.898,0.7143,0.8776,0.6518,3.5499000000000005,0.9796,3.4480999999999997,1.0,1.0,1.0,1.0,1.0,1.0,5.0,1.0,1.0,1.0,1.0,1.0,5.0,1.0,1.0,1.0,1.0,1.0,1.0,0.0,4.0,15.0
66,29350,0,0,0,0.0,0.0,0.0,0.0,0.0,0.0,0.0,0,0,0,0,0,0.0,0,0,0.0,0.0,0.0,0.0,0.0,0.0,0.0,0.0,0.0,0.0,0.0,0.0,0.0,0,,,,,,,,,,,,,,,,,,,,,,,,,,,,,,,,,0,0,0,0.0,0.0,0.0,0.0,0.0,0,0.0,0.0,0.0,0.0,0.0,0.0,0.0,0.0,0.0,0,,,,,,,,,,,,,,,,,,,,,,,,,,,,,,,,,,,,,,,,,,,0.0,0.0,0.0,0.0,0.0,0.0,0.0,0.0,0.0,0.0,0.0,0.0,0.0,0.0,0.0,0.0,0.0,0.0,0.0,0.0,0.0
66,34750,943,407,344,,,,,,,,138,60,60,39,71,,11,26,,,,,,,,,,,,,,56,,,,,,,,14.6,6.4,6.4,4.1,7.5,,,3.2,7.6,,,,,,,,,,,,,,5.9,,,943,407,344,,,,,,138,230.0,,37.0,,,,,,,56,,,,,,14.6,24.4,,10.8,,,,,,,5.9,,,,,,,,0.8929,0.125,,0.4273,,,,,,,,,,,0.875,,,,,0.0,0.0,0.0,0.0,0.0,0.0,1.0,1.0,0.0,1.0,0.0,3.0,0.0,0.0,0.0,0.0,0.0,0.0,1.0,1.0,4.0
66,35000,1389,363,356,,,,,,,,113,40,66,51,48,,12,20,,,,,,,,,,,,,,410,,,,,,,,8.1,2.9,4.8,3.7,3.5,,,3.4,5.6,,,,,,,,,,,,,,29.5,,,1389,363,356,,,,,,113,205.0,,32.0,,,,,,,410,,,,,,8.1,14.899999999999999,,9.0,,,,,,,29.5,,,,,,,,0.1696,0.0357,,0.1818,,,,,,,,,,,0.9821,,,,,0.0,0.0,0.0,0.0,0.0,0.0,1.0,1.0,0.0,1.0,0.0,3.0,0.0,0.0,0.0,0.0,0.0,0.0,1.0,1.0,4.0
66,35850,896,235,218,232.0,41.0,8.0,19.0,12.0,71.0,120.0,85,93,87,80,56,97.0,20,18,66.0,33.0,6.0,23.0,2.0,62.0,1.0,1.0,0.0,1.0,30.0,20.0,12.0,6,26.3,11.7,5.6,13.3,2.4,13.9,13.6,9.5,10.4,9.7,8.9,6.3,11.0,,9.2,8.3,8.3,10.0,1.8,7.0,0.6,100.0,0.4,0.4,0.0,0.4,13.8,9.2,5.5,0.7,100.0,,896,235,218,232.0,41.0,27.0,83.0,120.0,85,316.0,97.0,38.0,130.0,62.0,2.0,1.0,50.0,12.0,6,26.3,11.7,18.9,16.3,13.6,9.5,35.3,11.0,17.5,27.700000000000003,100.0,0.8,0.4,23.0,5.5,0.7,0.7551,0.7143,0.4043,0.6735,0.2449,2.7921,0.5957,0.2857,0.875,0.1429,0.8909,0.2857,2.4802,0.3673,0.5102,0.5102,0.5102,0.3571,0.4184,0.7653,0.6122,0.6875,2.8405,0.6122,2.0854,0.5957,1.0,1.0,1.0,1.0,1.0,5.0,1.0,1.0,1.0,1.0,1.0,5.0,1.0,1.0,0.0,0.0,1.0,1.0,0.0,2.0,13.0
66,36600,1153,371,348,109.0,41.0,14.0,45.0,29.0,34.0,146.0,114,64,86,95,70,113.0,6,5,51.0,26.0,14.0,1.0,10.0,112.0,0.0,0.0,0.0,9.0,22.0,10.0,3.0,2,9.6,7.8,5.7,18.2,3.9,4.6,13.5,9.9,5.6,7.5,8.2,6.1,10.4,,1.7,1.4,4.7,7.6,4.1,0.3,2.9,100.0,0.0,0.0,0.0,2.4,6.4,2.9,0.9,0.2,100.0,,1153,371,348,109.0,41.0,59.0,63.0,146.0,114,315.0,113.0,11.0,102.0,112.0,0.0,9.0,32.0,3.0,2,9.6,7.8,23.9,8.5,13.5,9.9,27.4,10.4,3.0999999999999996,19.599999999999998,100.0,0.0,2.4,9.3,0.9,0.2,0.0408,0.2041,0.8191,0.0816,0.2143,1.3598999999999999,0.1277,0.3304,0.2768,0.0816,0.0182,0.102,0.8089999999999999,0.0204,0.5102,0.5102,0.5102,0.0714,0.949,0.0612,0.0408,0.4375,1.5598999999999998,0.1224,0.7807,0.0426,1.0,1.0,1.0,1.0,1.0,5.0,1.0,1.0,1.0,1.0,1.0,5.0,1.0,1.0,0.0,1.0,1.0,1.0,0.0,3.0,14.0
66,41300,4653,1694,1337,866.0,188.0,26.0,115.0,206.0,214.0,1090.0,829,245,233,354,368,731.0,37,93,1411.0,58.0,1029.0,126.0,189.0,2561.0,33.0,47.0,113.0,41.0,169.0,94.0,51.0,4,18.7,8.8,3.2,14.4,6.6,6.9,23.6,17.8,5.3,5.0,7.6,7.9,15.8,,2.8,7.0,32.0,1.9,33.1,4.1,6.1,100.0,1.9,2.8,6.7,2.4,12.6,7.0,3.8,0.1,100.0,,4653,1694,1337,866.0,188.0,141.0,420.0,1090.0,829,1200.0,731.0,130.0,2813.0,2561.0,193.0,41.0,263.0,51.0,4,18.7,8.8,17.6,13.5,23.6,17.8,25.799999999999997,15.8,9.8,77.19999999999999,100.0,11.399999999999999,2.4,19.6,3.8,0.1,0.4082,0.3061,0.3191,0.449,0.898,2.3804,0.4468,0.9821,0.1786,0.8367,0.2636,0.9592,3.2202,0.8367,0.5102,0.5102,0.5102,0.7347,0.949,0.5306,0.5,0.3125,3.0267999999999997,0.6939,2.4876,0.7021,1.0,1.0,1.0,1.0,1.0,5.0,1.0,1.0,1.0,1.0,1.0,5.0,1.0,1.0,1.0,1.0,1.0,1.0,0.0,4.0,15.0
66,42470,3643,947,847,1010.0,178.0,11.0,77.0,134.0,180.0,774.0,322,309,319,303,309,503.0,36,116,892.0,22.0,668.0,192.0,7.0,1803.0,73.0,1.0,8.0,5.0,161.0,108.0,46.0,3,27.8,11.2,2.1,14.5,6.4,8.6,21.4,8.8,8.5,8.8,8.3,8.5,13.9,,4.3,13.7,26.8,1.0,29.9,8.6,0.3,100.0,7.7,0.1,0.8,0.5,19.0,12.8,5.4,0.1,100.0,,3643,947,847,1010.0,178.0,88.0,314.0,774.0,322,1240.0,503.0,152.0,1781.0,1803.0,82.0,5.0,269.0,46.0,3,27.8,11.2,16.6,15.0,21.4,8.8,34.1,13.9,18.0,66.6,100.0,8.6,0.5,31.8,5.4,0.1,0.898,0.6633,0.1915,0.5918,0.7959,3.1405000000000003,0.7234,0.2411,0.7857,0.6224,0.9364,0.8367,3.4223,0.9388,0.5102,0.5102,0.5102,0.6531,0.5306,0.9184,0.5918,0.3125,3.0064,0.6735,2.8458999999999994,0.7872,1.0,1.0,1.0,1.0,1.0,5.0,1.0,1.0,1.0,1.0,1.0,5.0,1.0,1.0,1.0,0.0,1.0,1.0,0.0,3.0,14.0
66,42480,3246,825,729,946.0,160.0,8.0,52.0,85.0,184.0,590.0,175,335,356,356,272,241.0,57,130,655.0,33.0,342.0,262.0,14.0,1313.0,18.0,3.0,54.0,12.0,155.0,96.0,28.0,3,29.3,12.5,2.8,18.4,5.0,10.8,18.5,5.4,10.3,11.0,11.0,8.4,7.5,,7.8,17.8,22.6,1.8,18.8,14.4,0.8,100.0,2.2,0.4,6.6,1.5,21.3,13.2,3.8,0.1,100.0,,3246,825,729,946.0,160.0,60.0,269.0,590.0,175,1319.0,241.0,187.0,1306.0,1313.0,75.0,12.0,251.0,28.0,3,29.3,12.5,21.2,15.8,18.5,5.4,40.699999999999996,7.5,25.6,58.4,100.0,9.2,1.5,34.5,3.8,0.1,0.9184,0.8265,0.7021,0.6531,0.6327,3.7328,0.9149,0.0714,1.0,0.0204,1.0,0.7143,2.8061000000000003,0.5918,0.5102,0.5102,0.5102,0.6939,0.7959,0.9796,0.5,0.3125,3.2819000000000003,0.8776,2.8945,0.8298,1.0,1.0,1.0,1.0,1.0,5.0,1.0,1.0,1.0,1.0,1.0,5.0,1.0,1.0,1.0,1.0,1.0,1.0,0.0,4.0,15.0
66,42490,5809,1729,1474,1153.0,291.0,31.0,92.0,235.0,347.0,1366.0,623,424,406,421,499,666.0,55,130,1557.0,32.0,1187.0,291.0,46.0,3065.0,54.0,6.0,2.0,12.0,272.0,158.0,50.0,106,20.3,11.2,4.2,12.5,6.7,9.9,24.2,10.7,7.3,7.0,7.2,8.6,11.8,,3.7,8.8,29.5,0.9,32.0,7.9,1.2,100.0,3.1,0.3,0.1,0.7,18.5,10.7,3.4,1.8,100.0,,5809,1729,1474,1153.0,291.0,123.0,582.0,1366.0,623,1750.0,666.0,185.0,3113.0,3065.0,62.0,12.0,430.0,50.0,106,20.3,11.2,16.7,16.6,24.2,10.7,30.1,11.8,12.5,71.5,100.0,3.5,0.7,29.2,3.4,1.8,0.4694,0.6633,0.2128,0.6939,0.949,2.9883999999999995,0.6596,0.5179,0.4821,0.2347,0.6182,0.9184,2.7713,0.5714,0.5102,0.5102,0.5102,0.5306,0.6224,0.898,0.4184,0.8393,3.3087000000000004,0.898,2.6391999999999998,0.7234,1.0,1.0,1.0,1.0,1.0,5.0,1.0,1.0,1.0,1.0,1.0,5.0,1.0,1.0,1.0,0.0,1.0,1.0,1.0,4.0,15.0
66,43300,3500,1223,1018,666.0,123.0,25.0,65.0,156.0,224.0,839.0,408,210,227,264,287,450.0,28,88,910.0,82.0,531.0,107.0,181.0,1601.0,109.0,38.0,60.0,23.0,134.0,82.0,32.0,6,19.1,7.2,5.5,14.4,6.9,10.0,24.2,11.7,6.0,6.5,7.5,8.2,13.0,,2.8,8.6,27.8,3.8,24.9,5.0,8.5,100.0,8.9,3.1,4.9,1.9,13.2,8.1,3.1,0.2,100.0,,3500,1223,1018,666.0,123.0,90.0,380.0,839.0,408,988.0,450.0,116.0,1811.0,1601.0,207.0,23.0,216.0,32.0,6,19.1,7.2,19.9,16.9,24.2,11.7,28.2,13.0,11.399999999999999,70.0,100.0,16.9,1.9,21.299999999999997,3.1,0.2,0.4286,0.1224,0.5957,0.7347,0.949,2.8304,0.617,0.6607,0.3214,0.4592,0.5091,0.898,2.8484000000000003,0.6327,0.5102,0.5102,0.5102,0.7959,0.8673,0.6122,0.3367,0.4375,3.0496,0.7143,2.4742,0.6809,1.0,1.0,1.0,1.0,1.0,5.0,1.0,1.0,1.0,1.0,1.0,5.0,1.0,1.0,1.0,1.0,1.0,1.0,0.0,4.0,15.0
66,43650,676,257,210,78.0,33.0,2.0,22.0,12.0,43.0,92.0,108,44,31,50,60,102.0,9,9,34.0,10.0,9.0,6.0,9.0,68.0,0.0,0.0,0.0,1.0,16.0,9.0,7.0,0,11.6,10.1,1.3,14.3,2.7,9.7,13.8,16.0,6.5,4.6,7.4,8.9,15.3,,4.3,4.3,5.4,4.0,3.6,2.4,3.6,100.0,0.0,0.0,0.0,0.4,7.7,4.3,3.3,0.0,100.0,,676,257,210,78.0,33.0,24.0,55.0,92.0,108,185.0,102.0,18.0,68.0,68.0,0.0,1.0,25.0,7.0,0,11.6,10.1,15.600000000000001,12.399999999999999,13.8,16.0,27.4,15.3,8.6,19.0,100.0,0.0,0.4,12.0,3.3,0.0,0.0612,0.4796,0.1277,0.2653,0.2755,1.2093,0.0638,0.9464,0.2768,0.7347,0.1636,0.0816,2.2031,0.2857,0.5102,0.5102,0.5102,0.0714,0.4184,0.1633,0.3878,0.1339,1.1747999999999998,0.0612,0.9209,0.1064,1.0,1.0,1.0,1.0,1.0,5.0,1.0,1.0,1.0,1.0,1.0,5.0,1.0,1.0,0.0,0.0,1.0,1.0,0.0,2.0,13.0
66,44300,685,303,255,182.0,21.0,1.0,12.0,12.0,64.0,172.0,53,68,40,36,42,71.0,16,26,190.0,32.0,37.0,84.0,31.0,250.0,71.0,109.0,14.0,0.0,25.0,17.0,16.0,0,26.6,6.6,2.1,25.0,2.7,14.6,25.8,7.7,9.9,5.8,5.3,6.1,10.6,,6.3,10.2,30.8,9.1,10.5,23.9,8.8,100.0,23.4,36.0,4.6,0.0,9.8,6.7,6.3,0.0,100.0,,685,303,255,182.0,21.0,13.0,76.0,172.0,53,186.0,71.0,42.0,374.0,250.0,194.0,0.0,42.0,16.0,0,26.6,6.6,27.1,17.3,25.8,7.7,27.1,10.6,16.5,83.1,100.0,64.0,0.0,16.5,6.3,0.0,0.7959,0.051,0.9574,0.7551,0.9796,3.539,0.8936,0.125,0.2321,0.1224,0.8545,1.0,2.334,0.3265,0.5102,0.5102,0.5102,1.0,0.0714,0.3469,0.7143,0.1339,2.2665,0.3469,2.0772,0.5745,1.0,1.0,1.0,1.0,1.0,5.0,1.0,1.0,1.0,1.0,1.0,5.0,1.0,1.0,1.0,0.0,1.0,1.0,0.0,3.0,14.0
66,44500,1154,289,276,236.0,45.0,11.0,44.0,29.0,95.0,98.0,97,77,91,121,116,146.0,11,20,60.0,39.0,8.0,9.0,1.0,61.0,0.0,1.0,0.0,3.0,42.0,37.0,11.0,0,20.6,9.8,5.1,20.6,4.4,14.5,8.6,8.4,6.7,7.9,10.5,10.1,12.8,,4.0,7.2,5.6,7.3,1.5,1.7,0.2,100.0,0.0,0.3,0.0,1.0,15.3,13.5,4.0,0.0,100.0,,1154,289,276,236.0,45.0,55.0,124.0,98.0,97,405.0,146.0,31.0,117.0,61.0,1.0,3.0,79.0,11.0,0,20.6,9.8,25.700000000000003,18.9,8.6,8.4,35.2,12.8,11.2,16.299999999999997,100.0,0.3,1.0,28.8,4.0,0.0,0.5306,0.3878,0.9149,0.8367,0.0204,2.6904,0.5319,0.1964,0.8571,0.4082,0.4818,0.0408,1.9843,0.1429,0.5102,0.5102,0.5102,0.3061,0.6939,0.8776,0.5306,0.1339,2.5421,0.5102,1.6952,0.3404,1.0,1.0,1.0,1.0,1.0,5.0,1.0,1.0,1.0,1.0,1.0,5.0,1.0,1.0,0.0,1.0,1.0,1.0,0.0,3.0,14.0
66,45600,5145,1785,1393,689.0,195.0,51.0,167.0,83.0,268.0,694.0,543,324,307,350,340,671.0,53,98,524.0,127.0,139.0,168.0,84.0,953.0,82.0,120.0,221.0,5.0,99.0,81.0,79.0,700,15.6,9.9,6.3,20.5,2.9,9.4,15.9,10.6,6.3,6.0,6.8,6.6,15.4,,3.8,7.0,12.7,6.1,6.7,8.1,4.0,100.0,4.6,6.7,12.4,0.3,7.1,5.8,5.7,13.6,100.0,,5145,1785,1393,689.0,195.0,218.0,351.0,694.0,543,1321.0,671.0,151.0,1042.0,953.0,423.0,5.0,180.0,79.0,700,15.6,9.9,26.8,12.3,15.9,10.6,25.700000000000003,15.4,10.8,37.599999999999994,100.0,23.700000000000003,0.3,12.899999999999999,5.7,13.6,0.2449,0.4184,0.9362,0.2449,0.3878,2.2321999999999997,0.383,0.4732,0.1607,0.7551,0.4273,0.4184,2.2347,0.3061,0.5102,0.5102,0.5102,0.8571,0.3265,0.1837,0.6633,0.9286,2.9591999999999996,0.6531,1.8524,0.4681,1.0,1.0,1.0,1.0,1.0,5.0,1.0,1.0,1.0,1.0,1.0,5.0,1.0,1.0,1.0,0.0,1.0,1.0,1.0,4.0,15.0
66,47800,4653,1578,1230,900.0,172.0,33.0,108.0,173.0,273.0,1052.0,470,299,296,372,395,498.0,42,81,1250.0,55.0,883.0,270.0,30.0,2258.0,24.0,22.0,41.0,2.0,155.0,92.0,29.0,21,19.6,8.5,4.6,15.2,6.1,9.6,23.4,10.1,6.4,6.4,8.0,8.5,11.1,,3.4,6.6,29.0,1.9,30.7,9.4,1.0,100.0,1.5,1.4,2.6,0.1,12.7,7.5,2.4,0.5,100.0,,4653,1578,1230,900.0,172.0,141.0,446.0,1052.0,470,1362.0,498.0,123.0,2488.0,2258.0,87.0,2.0,247.0,29.0,21,19.6,8.5,19.799999999999997,15.7,23.4,10.1,29.3,11.1,10.0,72.0,100.0,5.5,0.1,20.2,2.4,0.5,0.449,0.2551,0.5745,0.6327,0.8776,2.7889,0.5745,0.3661,0.3661,0.1633,0.3091,0.9388,2.1433999999999997,0.1837,0.5102,0.5102,0.5102,0.6122,0.1939,0.5714,0.2245,0.6161,2.2180999999999997,0.3265,1.5949,0.3191,1.0,1.0,1.0,1.0,1.0,5.0,1.0,1.0,1.0,1.0,1.0,5.0,1.0,1.0,1.0,0.0,1.0,1.0,0.0,3.0,14.0
66,49500,1538,451,396,417.0,76.0,10.0,53.0,49.0,143.0,218.0,169,116,122,151,131,238.0,14,55,123.0,60.0,12.0,48.0,2.0,184.0,1.0,17.0,0.0,3.0,49.0,42.0,36.0,1,27.2,14.3,3.8,20.2,5.5,16.1,14.3,11.0,7.5,7.9,9.8,8.5,15.6,,3.5,13.9,8.7,8.4,1.7,6.7,0.3,100.0,0.2,3.8,0.0,0.7,12.4,10.6,9.1,0.1,100.0,,1538,451,396,417.0,76.0,63.0,192.0,218.0,169,520.0,238.0,69.0,245.0,184.0,18.0,3.0,91.0,36.0,1,27.2,14.3,24.0,21.6,14.3,11.0,33.7,15.6,17.4,25.8,100.0,4.0,0.7,23.0,9.1,0.1,0.8367,0.9388,0.8511,0.898,0.3469,3.8715,0.9574,0.5714,0.7679,0.7959,0.8727,0.2245,3.2324,0.8571,0.5102,0.5102,0.5102,0.5816,0.6224,0.7653,0.9286,0.3125,3.2104,0.8571,3.1818,0.9574,1.0,1.0,1.0,1.0,1.0,5.0,1.0,1.0,1.0,1.0,1.0,5.0,1.0,1.0,1.0,0.0,1.0,1.0,0.0,3.0,14.0
66,50500,2998,1047,905,486.0,109.0,29.0,105.0,108.0,147.0,616.0,384,163,194,206,252,411.0,13,75,746.0,30.0,444.0,78.0,185.0,1509.0,66.0,25.0,56.0,32.0,92.0,31.0,28.0,0,16.3,7.3,5.2,18.7,5.5,7.4,20.8,12.8,5.4,6.5,6.9,8.4,13.9,,1.4,8.3,26.4,1.6,23.9,4.2,10.0,100.0,6.3,2.4,5.4,3.1,10.2,3.4,3.1,0.0,100.0,,2998,1047,905,486.0,109.0,134.0,255.0,616.0,384,815.0,411.0,88.0,1483.0,1509.0,147.0,32.0,123.0,28.0,0,16.3,7.3,23.9,12.9,20.8,12.8,27.200000000000003,13.9,9.700000000000001,66.1,100.0,14.1,3.1,13.6,3.1,0.0,0.2857,0.1633,0.8191,0.3673,0.7347,2.3701,0.4255,0.7321,0.25,0.6224,0.2364,0.8163,2.6571999999999996,0.4694,0.5102,0.5102,0.5102,0.7551,0.9796,0.2041,0.3367,0.1339,2.4094,0.4286,1.8336999999999999,0.4468,1.0,1.0,1.0,1.0,1.0,5.0,1.0,1.0,1.0,1.0,1.0,5.0,1.0,1.0,1.0,1.0,1.0,1.0,0.0,4.0,15.0
66,50800,3123,1173,949,816.0,158.0,18.0,64.0,72.0,216.0,561.0,362,222,256,259,260,464.0,42,128,651.0,135.0,211.0,224.0,74.0,859.0,149.0,113.0,32.0,6.0,104.0,68.0,61.0,32,26.5,12.1,4.6,16.5,3.9,11.6,18.4,11.6,7.1,8.2,8.3,8.3,15.2,,4.4,13.5,22.8,8.6,13.5,14.3,4.7,100.0,12.7,9.6,2.7,0.5,11.0,7.2,6.4,1.0,100.0,,3123,1173,949,816.0,158.0,82.0,288.0,561.0,362,997.0,464.0,170.0,1295.0,859.0,294.0,6.0,172.0,61.0,32,26.5,12.1,21.1,15.5,18.4,11.6,31.900000000000002,15.2,17.9,63.900000000000006,100.0,24.999999999999996,0.5,18.2,6.4,1.0,0.7755,0.7551,0.6809,0.6122,0.6122,3.4359,0.8511,0.6429,0.6964,0.7143,0.9091,0.7959,3.7586000000000004,1.0,0.5102,0.5102,0.5102,0.8776,0.5306,0.4286,0.7347,0.7589,3.3304,0.9184,3.2797,0.9787,1.0,1.0,1.0,1.0,1.0,5.0,1.0,1.0,1.0,1.0,1.0,5.0,1.0,1.0,1.0,0.0,1.0,1.0,1.0,4.0,15.0
66,52200,57,0,0,0.0,0.0,0.0,0.0,0.0,0.0,0.0,0,0,0,0,9,0.0,0,0,0.0,0.0,0.0,0.0,0.0,0.0,0.0,0.0,0.0,0.0,0.0,0.0,0.0,57,,,,,,,,0.0,0.0,0.0,0.0,15.8,,,,,,,,,,,,,,,,,,100.0,,,57,0,0,0.0,0.0,0.0,0.0,0.0,0,9.0,0.0,0.0,0.0,0.0,0.0,0.0,0.0,0.0,57,,,,,,0.0,15.8,,,,,,,,,100.0,,,,,,,,0.0179,0.0536,,,,,,,,,,,,,1.0,,,,,0.0,0.0,0.0,0.0,0.0,0.0,0.0,1.0,0.0,0.0,0.0,1.0,0.0,0.0,0.0,0.0,0.0,0.0,1.0,1.0,2.0
66,52500,845,328,257,71.0,41.0,5.0,24.0,6.0,25.0,109.0,103,65,63,59,66,84.0,8,16,47.0,6.0,14.0,5.0,10.0,156.0,4.0,36.0,72.0,2.0,18.0,8.0,1.0,0,8.4,10.3,3.5,16.9,1.2,4.8,13.4,12.2,7.7,7.5,7.0,7.8,10.3,,3.1,6.2,6.0,2.1,4.9,1.7,3.5,100.0,1.2,11.0,22.0,0.6,7.0,3.1,0.4,0.0,100.0,,845,328,257,71.0,41.0,29.0,31.0,109.0,103,253.0,84.0,24.0,82.0,156.0,112.0,2.0,26.0,1.0,0,8.4,10.3,20.4,6.0,13.4,12.2,30.0,10.3,9.3,18.2,100.0,34.2,0.6,10.1,0.4,0.0,0.0204,0.5306,0.6383,0.0204,0.1837,1.3933999999999997,0.1489,0.6964,0.4286,0.0612,0.2091,0.0612,1.4565,0.0408,0.5102,0.5102,0.5102,0.9184,0.5918,0.0816,0.0204,0.1339,1.7461,0.1633,0.8632,0.0851,1.0,1.0,1.0,1.0,1.0,5.0,1.0,1.0,1.0,1.0,1.0,5.0,1.0,1.0,1.0,0.0,1.0,0.0,0.0,2.0,13.0
66,52750,123,59,38,20.0,1.0,0.0,2.0,2.0,12.0,19.0,14,5,10,11,11,16.0,1,6,19.0,7.0,7.0,5.0,0.0,26.0,1.0,0.0,1.0,1.0,1.0,2.0,1.0,0,16.8,1.9,0.0,28.6,2.5,15.0,16.4,11.4,4.1,8.1,8.9,8.9,13.8,,2.6,15.8,16.7,11.7,11.7,8.3,0.0,100.0,1.8,0.0,1.8,1.8,2.8,5.6,2.8,0.0,100.0,,123,59,38,20.0,1.0,2.0,14.0,19.0,14,37.0,16.0,7.0,38.0,26.0,2.0,1.0,3.0,1.0,0,16.8,1.9,28.6,17.5,16.4,11.4,30.0,13.8,18.400000000000002,48.39999999999999,100.0,3.6,1.8,8.399999999999999,2.8,0.0,0.3469,0.0204,1.0,0.7959,0.449,2.6121999999999996,0.4681,0.5982,0.4286,0.5918,0.9636,0.5102,3.0923999999999996,0.7755,0.5102,0.5102,0.5102,0.551,0.8265,0.0408,0.2959,0.1339,1.8480999999999999,0.1837,1.9375,0.5319,1.0,1.0,1.0,1.0,1.0,5.0,1.0,1.0,1.0,1.0,1.0,5.0,1.0,1.0,1.0,1.0,1.0,1.0,0.0,4.0,15.0
66,53000,3997,1372,1051,653.0,153.0,25.0,93.0,109.0,184.0,787.0,416,283,309,325,332,493.0,37,72,842.0,30.0,655.0,143.0,12.0,1627.0,0.0,0.0,0.0,6.0,145.0,78.0,17.0,2,16.5,8.7,3.6,13.2,4.5,7.5,20.3,10.4,7.1,7.7,8.1,8.3,12.7,,3.5,6.9,22.8,1.4,30.2,6.6,0.6,100.0,0.0,0.0,0.0,0.4,13.9,7.5,1.6,0.1,100.0,,3997,1372,1051,653.0,153.0,118.0,293.0,787.0,416,1249.0,493.0,109.0,1682.0,1627.0,0.0,6.0,223.0,17.0,2,16.5,8.7,16.8,12.0,20.3,10.4,31.2,12.7,10.4,61.6,100.0,0.0,0.4,21.4,1.6,0.1,0.3061,0.2857,0.2447,0.2245,0.7143,1.7753,0.234,0.4196,0.5893,0.3673,0.3818,0.7551,2.5131,0.4286,0.5102,0.5102,0.5102,0.0714,0.4184,0.6327,0.102,0.3125,1.5370000000000001,0.102,1.2748000000000002,0.1489,1.0,1.0,1.0,1.0,1.0,5.0,1.0,1.0,1.0,1.0,1.0,5.0,1.0,1.0,0.0,0.0,1.0,1.0,0.0,2.0,13.0
66,54800,1808,893,667,227.0,69.0,16.0,54.0,54.0,47.0,270.0,277,67,90,119,115,202.0,18,13,360.0,7.0,96.0,39.0,197.0,779.0,20.0,73.0,256.0,0.0,27.0,18.0,23.0,30,12.8,8.5,5.0,16.9,4.2,3.7,16.5,15.3,3.7,5.0,6.6,6.4,12.3,,2.7,1.9,21.1,0.7,9.5,3.9,19.5,100.0,2.2,8.2,28.7,0.0,4.1,2.7,3.5,1.7,100.0,,1808,893,667,227.0,69.0,70.0,101.0,270.0,277,391.0,202.0,31.0,699.0,779.0,349.0,0.0,45.0,23.0,30,12.8,8.5,21.9,7.9,16.5,15.3,21.7,12.3,4.6,54.7,100.0,39.099999999999994,0.0,6.8,3.5,1.7,0.102,0.2551,0.766,0.0408,0.4694,1.6333,0.1915,0.9196,0.0714,0.3061,0.0727,0.5918,1.9615999999999998,0.1224,0.5102,0.5102,0.5102,0.9592,0.0714,0.0204,0.449,0.8214,2.3214,0.3673,1.1914,0.1277,1.0,1.0,1.0,1.0,1.0,5.0,1.0,1.0,1.0,1.0,1.0,5.0,1.0,1.0,1.0,0.0,1.0,1.0,1.0,4.0,15.0
66,55350,3238,991,952,533.0,155.0,29.0,89.0,52.0,204.0,438.0,344,223,254,272,264,432.0,49,84,344.0,76.0,136.0,71.0,57.0,711.0,19.0,133.0,54.0,3.0,115.0,70.0,35.0,5,16.6,10.6,4.8,14.8,2.6,10.4,13.8,10.6,6.9,7.8,8.4,8.2,13.6,,5.1,8.8,11.4,5.7,10.2,5.3,4.3,100.0,1.9,13.4,5.4,0.3,12.1,7.4,3.7,0.2,100.0,,3238,991,952,533.0,155.0,118.0,256.0,438.0,344,1013.0,432.0,133.0,684.0,711.0,206.0,3.0,185.0,35.0,5,16.6,10.6,19.6,13.0,13.8,10.6,31.3,13.6,13.9,36.9,100.0,20.700000000000003,0.3,19.5,3.7,0.2,0.3265,0.5714,0.5319,0.3878,0.2755,2.0931,0.3191,0.4732,0.6339,0.5306,0.7091,0.3469,2.6936999999999998,0.5306,0.5102,0.5102,0.5102,0.8367,0.3265,0.5102,0.4694,0.4375,2.5803,0.551,1.9108999999999998,0.5106,1.0,1.0,1.0,1.0,1.0,5.0,1.0,1.0,1.0,1.0,1.0,5.0,1.0,1.0,1.0,0.0,1.0,1.0,0.0,3.0,14.0
66,56300,1302,423,366,336.0,61.0,8.0,31.0,33.0,146.0,278.0,137,73,92,99,134,217.0,13,29,241.0,40.0,82.0,101.0,17.0,341.0,1.0,0.0,0.0,5.0,55.0,29.0,21.0,16,26.1,11.5,3.6,13.9,4.2,18.4,21.9,10.5,5.6,7.1,7.6,10.3,17.1,,3.6,7.9,19.9,6.1,12.6,15.5,2.6,100.0,0.2,0.0,0.0,1.2,15.0,7.9,5.7,1.2,100.0,,1302,423,366,336.0,61.0,39.0,179.0,278.0,137,398.0,217.0,42.0,481.0,341.0,1.0,5.0,84.0,21.0,16,26.1,11.5,17.5,22.599999999999998,21.9,10.5,30.599999999999998,17.1,11.5,56.7,100.0,0.2,1.2,22.9,5.7,1.2,0.7347,0.6939,0.2979,0.9388,0.8265,3.4917999999999996,0.8723,0.4464,0.5179,0.9592,0.5273,0.6531,3.1039000000000003,0.7959,0.5102,0.5102,0.5102,0.2245,0.7347,0.7347,0.6633,0.7857,3.1429,0.7959,2.9743,0.8723,1.0,1.0,1.0,1.0,1.0,5.0,1.0,1.0,1.0,1.0,1.0,5.0,1.0,1.0,0.0,1.0,1.0,1.0,1.0,4.0,15.0
66,58600,596,206,171,147.0,37.0,4.0,11.0,13.0,63.0,82.0,62,52,41,45,52,69.0,6,16,45.0,13.0,9.0,21.0,1.0,105.0,7.0,0.0,0.0,1.0,19.0,14.0,14.0,0,24.8,13.8,4.3,12.0,3.6,17.2,14.1,10.4,8.7,6.9,7.6,8.7,11.9,,3.5,9.4,8.3,4.7,3.3,7.7,0.4,100.0,3.4,0.0,0.0,0.5,11.2,8.2,8.2,0.0,100.0,,596,206,171,147.0,37.0,15.0,76.0,82.0,62,190.0,69.0,22.0,89.0,105.0,7.0,1.0,33.0,14.0,0,24.8,13.8,16.3,20.8,14.1,10.4,31.9,11.9,12.9,24.4,100.0,3.4,0.5,19.4,8.2,0.0,0.6939,0.898,0.1702,0.8776,0.3163,2.956,0.6383,0.4196,0.6786,0.2653,0.6545,0.1837,2.2016999999999998,0.2653,0.5102,0.5102,0.5102,0.5102,0.5306,0.4898,0.898,0.1339,2.5625,0.5306,1.9444,0.5532,1.0,1.0,1.0,1.0,1.0,5.0,1.0,1.0,1.0,1.0,1.0,5.0,1.0,1.0,1.0,0.0,1.0,1.0,0.0,3.0,14.0
66,61850,973,279,248,152.0,37.0,6.0,25.0,13.0,66.0,109.0,137,73,78,81,70,141.0,11,23,75.0,38.0,21.0,11.0,5.0,114.0,0.0,0.0,0.0,0.0,31.0,22.0,6.0,0,15.8,9.2,3.3,13.9,2.2,11.1,11.5,14.1,7.5,8.0,8.3,7.2,14.8,,4.4,9.3,8.4,9.7,5.4,2.8,1.3,100.0,0.0,0.0,0.0,0.0,12.6,8.9,2.4,0.0,100.0,,973,279,248,152.0,37.0,31.0,79.0,109.0,137,302.0,141.0,34.0,150.0,114.0,0.0,0.0,53.0,6.0,0,15.8,9.2,17.2,13.3,11.5,14.1,31.0,14.8,13.700000000000001,27.6,100.0,0.0,0.0,21.5,2.4,0.0,0.2653,0.3469,0.2766,0.4286,0.0408,1.3582,0.1064,0.8393,0.5714,0.6939,0.6909,0.2653,3.0608,0.7551,0.5102,0.5102,0.5102,0.0714,0.0714,0.6633,0.2245,0.1339,1.1644999999999999,0.0408,1.4124999999999999,0.2128,1.0,1.0,1.0,1.0,1.0,5.0,1.0,1.0,1.0,1.0,1.0,5.0,1.0,1.0,0.0,0.0,1.0,1.0,0.0,2.0,13.0
66,65100,1813,554,516,319.0,93.0,12.0,45.0,35.0,110.0,269.0,242,139,186,131,113,285.0,12,48,146.0,60.0,24.0,48.0,14.0,283.0,9.0,12.0,1.0,0.0,47.0,25.0,30.0,0,17.7,11.8,4.1,15.4,3.1,9.6,15.1,13.3,7.7,10.3,7.2,6.2,16.0,,2.3,9.3,8.8,7.6,3.1,6.1,1.8,100.0,1.6,2.2,0.2,0.0,9.1,4.9,5.8,0.0,100.0,,1813,554,516,319.0,93.0,57.0,145.0,269.0,242,569.0,285.0,60.0,292.0,283.0,22.0,0.0,72.0,30.0,0,17.7,11.8,19.5,12.7,15.1,13.3,31.4,16.0,11.600000000000001,27.400000000000002,100.0,4.0,0.0,14.0,5.8,0.0,0.3673,0.7347,0.5,0.3163,0.3673,2.2856,0.4043,0.8214,0.6607,0.8673,0.5636,0.2449,3.1579,0.8163,0.5102,0.5102,0.5102,0.5816,0.0714,0.2245,0.6939,0.1339,1.7053,0.1429,1.8737000000000001,0.4894,1.0,1.0,1.0,1.0,1.0,5.0,1.0,1.0,1.0,1.0,1.0,5.0,1.0,1.0,1.0,0.0,1.0,1.0,0.0,3.0,14.0
66,66800,3807,1222,999,558.0,167.0,14.0,71.0,120.0,192.0,771.0,383,251,267,326,318,519.0,32,73,696.0,42.0,496.0,129.0,24.0,1706.0,20.0,4.0,0.0,3.0,128.0,69.0,27.0,10,14.8,9.7,2.4,12.2,5.1,8.2,21.0,10.1,6.6,7.0,8.6,8.4,14.2,,3.2,7.3,19.7,1.8,21.8,5.7,1.1,100.0,1.6,0.3,0.0,0.2,12.9,6.9,2.7,0.3,100.0,,3807,1222,999,558.0,167.0,85.0,312.0,771.0,383,1162.0,519.0,105.0,1387.0,1706.0,24.0,3.0,197.0,27.0,10,14.8,9.7,14.6,13.299999999999999,21.0,10.1,30.6,14.2,10.5,50.1,100.0,1.9000000000000001,0.2,19.8,2.7,0.3,0.1837,0.3673,0.0745,0.4082,0.7551,1.7888000000000002,0.2553,0.3661,0.5446,0.6531,0.4,0.5306,2.4943999999999997,0.4082,0.5102,0.5102,0.5102,0.4286,0.2755,0.551,0.2653,0.5357,2.0561,0.2653,1.439,0.234,1.0,1.0,1.0,1.0,1.0,5.0,1.0,1.0,1.0,1.0,1.0,5.0,1.0,1.0,1.0,0.0,1.0,1.0,0.0,3.0,14.0
66,69000,2279,574,541,463.0,115.0,17.0,58.0,35.0,143.0,299.0,225,179,218,235,174,283.0,22,31,130.0,58.0,20.0,40.0,9.0,227.0,0.0,1.0,0.0,3.0,54.0,62.0,30.0,7,20.5,13.3,4.5,15.2,2.7,11.0,13.5,9.9,7.9,9.6,10.3,7.6,12.8,,4.1,5.7,6.2,6.3,2.2,4.3,1.0,100.0,0.0,0.2,0.0,0.5,10.0,11.5,5.6,0.3,100.0,,2279,574,541,463.0,115.0,75.0,178.0,299.0,225,806.0,283.0,53.0,257.0,227.0,1.0,3.0,116.0,30.0,7,20.5,13.3,19.7,13.7,13.5,9.9,35.4,12.8,9.8,20.0,100.0,0.2,0.5,21.5,5.6,0.3,0.5102,0.8776,0.5532,0.4898,0.2143,2.6451,0.4894,0.3304,0.8929,0.4082,0.2636,0.1224,2.0175,0.1633,0.5102,0.5102,0.5102,0.2245,0.5306,0.6633,0.6327,0.5357,2.5867999999999998,0.5714,1.7343000000000002,0.3617,1.0,1.0,1.0,1.0,1.0,5.0,1.0,1.0,1.0,1.0,1.0,5.0,1.0,1.0,0.0,0.0,1.0,1.0,0.0,2.0,13.0
66,70950,3892,1855,1493,788.0,187.0,18.0,132.0,80.0,132.0,802.0,513,253,281,295,204,359.0,28,122,932.0,33.0,241.0,142.0,481.0,1877.0,147.0,283.0,497.0,1.0,117.0,56.0,78.0,23,20.4,10.0,3.4,25.2,3.0,5.0,21.3,13.2,6.5,7.2,7.6,5.2,9.5,,1.9,8.2,25.8,1.4,10.0,5.9,19.9,100.0,7.9,15.3,26.8,0.1,7.8,3.8,5.2,0.6,100.0,,3892,1855,1493,788.0,187.0,150.0,212.0,802.0,513,1033.0,359.0,150.0,1829.0,1877.0,927.0,1.0,173.0,78.0,23,20.4,10.0,28.599999999999998,8.0,21.3,13.2,26.499999999999996,9.5,10.1,63.0,100.0,50.0,0.1,11.6,5.2,0.6,0.4898,0.449,0.9787,0.0612,0.7755,2.7542,0.5532,0.8036,0.1964,0.0408,0.3364,0.7755,2.1527,0.2245,0.5102,0.5102,0.5102,0.9796,0.1939,0.1429,0.5714,0.6518,2.5396,0.4796,1.7675,0.4255,1.0,1.0,1.0,1.0,1.0,5.0,1.0,1.0,1.0,1.0,1.0,5.0,1.0,1.0,1.0,0.0,1.0,1.0,0.0,3.0,14.0
66,73550,2443,724,598,706.0,118.0,11.0,35.0,45.0,149.0,387.0,197,277,266,229,172,349.0,20,71,436.0,85.0,101.0,200.0,41.0,609.0,70.0,52.0,14.0,1.0,101.0,53.0,45.0,24,29.4,13.1,4.0,12.8,3.4,11.4,16.3,8.1,11.3,10.9,9.4,7.0,14.7,,3.3,11.9,20.4,7.3,8.6,17.1,3.5,100.0,9.7,7.2,1.9,0.1,16.9,8.9,7.5,1.0,100.0,,2443,724,598,706.0,118.0,46.0,194.0,387.0,197,944.0,349.0,91.0,863.0,609.0,136.0,1.0,154.0,45.0,24,29.4,13.1,16.8,14.8,16.3,8.1,38.6,14.7,15.2,56.9,100.0,18.799999999999997,0.1,25.799999999999997,7.5,1.0,0.9388,0.8571,0.2447,0.5714,0.4286,3.0406,0.6809,0.1696,0.9643,0.6735,0.7727,0.6735,3.2536000000000005,0.8776,0.5102,0.5102,0.5102,0.8163,0.1939,0.8061,0.8571,0.7589,3.4323,0.9592,3.0279,0.8936,1.0,1.0,1.0,1.0,1.0,5.0,1.0,1.0,1.0,1.0,1.0,5.0,1.0,1.0,1.0,0.0,1.0,1.0,1.0,4.0,15.0
66,75500,2072,1305,1046,,,,,,,,371,81,65,76,58,,19,23,,,,,,,,,,,,,,126,,,,,,,,17.9,3.9,3.1,3.7,2.8,,,1.8,2.2,,,,,,,,,,,,,,6.1,,,2072,1305,1046,,,,,,371,280.0,,42.0,,,,,,,126,,,,,,17.9,13.5,,4.0,,,,,,,6.1,,,,,,,,1.0,0.0179,,0.0364,,,,,,,,,,,0.8929,,,,,0.0,0.0,0.0,0.0,0.0,0.0,1.0,1.0,0.0,1.0,0.0,3.0,0.0,0.0,0.0,0.0,0.0,0.0,1.0,1.0,4.0
66,77200,704,222,193,190.0,31.0,4.0,11.0,40.0,72.0,152.0,83,54,46,53,59,114.0,9,14,143.0,35.0,76.0,15.0,17.0,242.0,0.0,0.0,0.0,5.0,19.0,23.0,29.0,5,27.2,10.4,3.1,8.5,9.0,16.2,21.9,11.8,7.7,6.5,7.5,8.4,16.5,,4.7,7.3,22.2,8.6,18.6,3.7,4.2,100.0,0.0,0.0,0.0,2.3,9.8,11.9,15.0,0.7,100.0,,704,222,193,190.0,31.0,15.0,112.0,152.0,83,212.0,114.0,23.0,286.0,242.0,0.0,5.0,42.0,29.0,5,27.2,10.4,11.6,25.2,21.9,11.8,30.1,16.5,12.0,57.300000000000004,100.0,0.0,2.3,21.700000000000003,15.0,0.7,0.8367,0.551,0.0426,0.9796,0.8265,3.2364000000000006,0.766,0.6786,0.4821,0.898,0.5818,0.6939,3.3343999999999996,0.9184,0.5102,0.5102,0.5102,0.0714,0.9184,0.6939,1.0,0.6875,3.3712,0.9388,3.1334000000000004,0.9362,1.0,1.0,1.0,1.0,1.0,5.0,1.0,1.0,1.0,1.0,1.0,5.0,1.0,1.0,0.0,1.0,1.0,1.0,0.0,3.0,14.0
66,77450,448,128,106,,,,,,,,33,37,44,62,35,,6,13,,,,,,,,,,,,,,0,,,,,,,,7.4,8.3,9.8,13.8,7.8,,,5.7,12.3,,,,,,,,,,,,,,0.0,,,448,128,106,,,,,,33,178.0,,19.0,,,,,,,0,,,,,,7.4,39.7,,18.0,,,,,,,0.0,,,,,,,,0.0893,0.9821,,0.9364,,,,,,,,,,,0.1339,,,,,0.0,0.0,0.0,0.0,0.0,0.0,1.0,1.0,0.0,1.0,0.0,3.0,0.0,0.0,0.0,0.0,0.0,0.0,0.0,0.0,3.0
66,79600,3388,1232,1107,727.0,185.0,25.0,92.0,54.0,192.0,551.0,361,231,223,251,252,534.0,33,122,417.0,74.0,116.0,150.0,73.0,850.0,174.0,179.0,111.0,1.0,113.0,52.0,81.0,131,22.4,12.5,5.3,19.6,2.6,9.3,17.1,10.7,6.8,6.6,7.4,7.4,16.6,,3.0,11.0,13.8,4.6,7.2,9.2,4.5,100.0,14.1,14.5,9.0,0.1,10.2,4.7,7.3,3.9,100.0,,3388,1232,1107,727.0,185.0,117.0,246.0,551.0,361,957.0,534.0,155.0,830.0,850.0,464.0,1.0,165.0,81.0,131,22.4,12.5,24.900000000000002,11.9,17.1,10.7,28.199999999999996,16.6,14.0,39.3,100.0,37.6,0.1,14.899999999999999,7.3,3.9,0.6122,0.8265,0.8723,0.2041,0.5306,3.0457,0.7021,0.5179,0.3036,0.9184,0.7273,0.449,2.9162,0.6735,0.5102,0.5102,0.5102,0.9388,0.1939,0.2653,0.8367,0.8571,3.0918,0.7755,2.6612999999999998,0.7447,1.0,1.0,1.0,1.0,1.0,5.0,1.0,1.0,1.0,1.0,1.0,5.0,1.0,1.0,1.0,0.0,1.0,1.0,1.0,4.0,15.0
66,80100,4081,1827,1597,,,,,,,,464,240,193,216,312,,33,83,,,,,,,,,,,,,,7,,,,,,,,11.4,5.9,4.7,5.3,7.6,,,2.1,5.2,,,,,,,,,,,,,,0.2,,,4081,1827,1597,,,,,,464,961.0,,116.0,,,,,,,7,,,,,,11.4,23.5,,7.300000000000001,,,,,,,0.2,,,,,,,,0.5982,0.1071,,0.1364,,,,,,,,,,,0.4375,,,,,0.0,0.0,0.0,0.0,0.0,0.0,1.0,1.0,0.0,1.0,0.0,3.0,0.0,0.0,0.0,0.0,0.0,0.0,0.0,0.0,3.0
66,81600,2106,646,604,257.0,68.0,16.0,84.0,41.0,79.0,250.0,274,145,187,188,136,260.0,19,42,86.0,33.0,22.0,17.0,13.0,295.0,0.0,1.0,0.0,0.0,52.0,17.0,13.0,0,12.2,7.5,3.2,17.0,3.1,6.0,12.3,13.0,6.9,8.9,8.9,6.5,12.8,,3.1,7.0,4.4,4.2,2.8,2.2,1.7,100.0,0.0,0.2,0.0,0.0,8.6,2.8,2.2,0.0,100.0,,2106,646,604,257.0,68.0,100.0,120.0,250.0,274,656.0,260.0,61.0,171.0,295.0,1.0,0.0,69.0,13.0,0,12.2,7.5,20.2,9.1,12.3,13.0,31.200000000000003,12.8,10.1,15.3,100.0,0.2,0.0,11.399999999999999,2.2,0.0,0.0816,0.1837,0.617,0.102,0.0816,1.0659,0.0426,0.7768,0.6071,0.4082,0.3364,0.0204,2.1489,0.2041,0.5102,0.5102,0.5102,0.2245,0.0714,0.1224,0.1837,0.1339,0.7359,0.0204,0.7773,0.0213,1.0,1.0,1.0,1.0,1.0,5.0,1.0,1.0,1.0,1.0,1.0,5.0,1.0,1.0,0.0,0.0,1.0,1.0,0.0,2.0,13.0
66,81850,2687,790,645,616.0,95.0,18.0,60.0,53.0,151.0,455.0,229,216,239,248,234,329.0,31,50,505.0,52.0,288.0,131.0,34.0,998.0,22.0,1.0,0.0,10.0,93.0,76.0,12.0,0,23.1,8.3,4.4,14.7,3.3,9.5,17.2,8.5,8.0,8.9,9.2,8.7,12.4,,4.8,7.8,20.5,3.7,20.7,9.4,2.4,100.0,2.8,0.1,0.0,1.3,14.5,11.8,1.9,0.0,100.0,,2687,790,645,616.0,95.0,78.0,204.0,455.0,229,937.0,329.0,81.0,1010.0,998.0,23.0,10.0,169.0,12.0,0,23.1,8.3,19.1,12.8,17.2,8.5,34.8,12.4,12.6,56.699999999999996,100.0,2.9,1.3,26.3,1.9,0.0,0.6531,0.2245,0.4468,0.3469,0.551,2.2223,0.3617,0.2143,0.8393,0.3469,0.6364,0.6327,2.6696,0.4898,0.5102,0.5102,0.5102,0.4796,0.7755,0.8367,0.1327,0.1339,2.3584,0.3878,1.7494999999999998,0.4043,1.0,1.0,1.0,1.0,1.0,5.0,1.0,1.0,1.0,1.0,1.0,5.0,1.0,1.0,1.0,1.0,1.0,1.0,0.0,4.0,15.0
66,83950,3065,859,792,828.0,137.0,20.0,86.0,81.0,258.0,399.0,298,265,273,295,271,414.0,38,117,205.0,63.0,36.0,85.0,19.0,405.0,6.0,7.0,12.0,1.0,100.0,51.0,53.0,10,27.2,11.1,4.0,17.4,4.6,14.5,13.2,9.7,8.6,8.9,9.6,8.8,13.7,,4.8,14.8,7.3,4.6,2.6,6.2,1.4,100.0,0.7,0.8,1.4,0.1,12.6,6.4,6.7,0.3,100.0,,3065,859,792,828.0,137.0,106.0,339.0,399.0,298,1104.0,414.0,155.0,408.0,405.0,25.0,1.0,151.0,53.0,10,27.2,11.1,21.4,19.1,13.2,9.7,35.900000000000006,13.7,19.6,22.099999999999998,100.0,2.9,0.1,19.0,6.7,0.3,0.8367,0.6224,0.7234,0.8571,0.1327,3.1723,0.7447,0.3036,0.9107,0.5612,0.9818,0.1429,2.9002,0.6531,0.5102,0.5102,0.5102,0.4796,0.1939,0.4592,0.7653,0.5357,2.4337,0.449,2.357,0.6596,1.0,1.0,1.0,1.0,1.0,5.0,1.0,1.0,1.0,1.0,1.0,5.0,1.0,1.0,1.0,0.0,1.0,1.0,0.0,3.0,14.0
66,85000,5213,1673,1407,730.0,161.0,41.0,188.0,167.0,209.0,913.0,676,351,361,415,389,661.0,30,73,1089.0,60.0,790.0,107.0,115.0,2243.0,0.0,1.0,1.0,85.0,155.0,61.0,27.0,9,14.1,7.2,4.5,20.7,5.1,6.3,18.2,13.0,6.7,6.9,8.0,7.5,13.2,,2.1,5.2,22.5,2.1,28.2,3.8,4.1,100.0,0.0,0.1,0.1,5.1,11.0,4.3,1.9,0.2,100.0,,5213,1673,1407,730.0,161.0,229.0,376.0,913.0,676,1516.0,661.0,103.0,2161.0,2243.0,2.0,85.0,216.0,27.0,9,14.1,7.2,25.2,11.399999999999999,18.2,13.0,29.1,13.2,7.300000000000001,60.699999999999996,100.0,0.2,5.1,15.3,1.9,0.2,0.1633,0.1224,0.8936,0.1633,0.5918,1.9344000000000001,0.2979,0.7768,0.3393,0.5,0.1364,0.7347,2.4872,0.3878,0.5102,0.5102,0.5102,0.2245,1.0,0.2857,0.1327,0.4375,2.0804,0.2857,1.4816,0.2766,1.0,1.0,1.0,1.0,1.0,5.0,1.0,1.0,1.0,1.0,1.0,5.0,1.0,1.0,0.0,1.0,1.0,1.0,0.0,3.0,14.0
66,86000,1050,287,222,307.0,42.0,2.0,13.0,63.0,130.0,194.0,79,119,106,92,83,177.0,9,26,112.0,36.0,38.0,35.0,2.0,146.0,0.0,0.0,0.0,1.0,33.0,61.0,27.0,16,29.7,11.1,1.4,8.8,11.5,23.7,18.9,7.5,11.3,10.1,8.8,7.9,17.2,,4.1,11.7,12.2,8.2,8.7,8.0,0.5,100.0,0.0,0.0,0.0,0.3,14.9,27.5,12.2,1.5,100.0,,1050,287,222,307.0,42.0,15.0,193.0,194.0,79,400.0,177.0,35.0,223.0,146.0,0.0,1.0,94.0,27.0,16,29.7,11.1,10.200000000000001,35.2,18.9,7.5,38.1,17.2,15.799999999999999,37.599999999999994,100.0,0.0,0.3,42.4,12.2,1.5,0.9592,0.6224,0.0213,1.0,0.6531,3.2560000000000002,0.8298,0.1071,0.9464,0.9796,0.8364,0.4184,3.2879000000000005,0.898,0.5102,0.5102,0.5102,0.0714,0.3265,1.0,0.9592,0.8036,3.1607,0.8163,3.0543,0.9149,1.0,1.0,1.0,1.0,1.0,5.0,1.0,1.0,1.0,1.0,1.0,5.0,1.0,1.0,0.0,0.0,1.0,1.0,1.0,3.0,14.0
